artist_name,year,stage,performance_date,start_time,end_time,cancelled,replacement_for,notes,country,origin,artist_type,gender,genre,style,mb_id
Mano Solo,2005,Scène 1,2005-09-17,,,0,,,France,Châlons-du-Maine - Mayenne,Person,,,,5febe272-7691-4ea8-a3cf-c6c7f98d9bf1
Mass Hysteria,2005,Scène 1,2005-09-17,,,0,,,France,Paris - Paris,Band,,,,38a35139-7ef9-44e1-a565-e1018b4a7635
K2R Riddim,2005,Scène 1,2005-09-17,,,0,,,France,Cergy - Val-d'Oise,Band,,,,d8ce0617-a384-4b2e-8d3c-463f67a97b87
Cyann & Ben,2005,Scène 1,2005-09-17,,,0,,,France,Charleville-Mézières - Ardennes,Band,,,,81f772a9-5bea-4fc0-a5fb-70aa3570fa0d
Flying Pooh,2005,Scène 1,2005-09-17,,,0,,,France,Pontoise - Val-d'Oise,Band,,,,0b75a1ba-8aa1-4136-91c8-ec22cf89554e
Jacques Higelin,2005,Scène 1,2005-09-18,,,0,,,France,Brou-sur-Chantereine - Seine-et-Marne,Person,,,,f75e42a2-e1f8-4873-ae07-f925dbc095ba
Florent Vintrignier,2005,Scène 1,2005-09-18,,,0,,,France,Paris - Paris,Person,,,,e3fce7ac-f6da-4e2c-9519-80e6ee6f4fde
Grendel,2005,Scène 2,2005-09-17,,,0,,,France,Charleville-Mézières - Ardennes,Band,,,,
Durb,2005,Scène 2,2005-09-17,,,0,,,France,Sedan - Ardennes,Band,,,,
Kracooqas,2005,Scène 2,2005-09-17,,,0,,,France,Sedan - Ardennes,Band,,,,
Taxi Brouss',2005,Scène 2,2005-09-17,,,0,,,France,Toulouse - Garonne,Band,,,,
Hedgar,2005,Scène 2,2005-09-17,,,0,,,France,Sedan - Ardennes,Band,,,,
Ed Warner's Cage,2005,Scène 2,2005-09-17,,,0,,,France,Charleville-Mézières - Ardennes,Band,,,,10f9c2da-93fd-4f6d-b9ec-5ce569dd750a
Kitchi Kitchi,2005,Scène 2,2005-09-17,,,0,,,France,Attigny - Ardennes,Band,,,,
Funky Toaster,2005,Scène 2,2005-09-17,,,0,,,France,Charleville-Mézières - Ardennes,Band,,,,
Karpatt,2005,Scène 2,2005-09-18,,,0,,,France,Paris - Paris,Band,,,,ee271287-f304-4a23-8d61-8b56e76d16ad
Léolo,2005,Scène 2,2005-09-18,,,,,,,,,,,,
Antidote,2005,Scène 2,2005-09-18,,,0,,,France,Charleville-Mézières - Ardennes,Band,,,,
Tagar,2005,Scène 2,2005-09-18,,,0,,,France,Rethel - Ardennes,Band,,,,
Sliping Kangooroos,2005,Scène 2,2005-09-18,,,0,,,France,Sedan - Ardennes,Band,,,,
Hubert-Félix Thiéfaine,2006,Scène 1,2006-09-03,18:30,19:30,0,,,France,Dole - Jura,Person,,,,29e9c7d7-e79a-41d5-a255-c19ff04d5065
Les Wampas,2006,Scène 1,2006-09-02,19:30,20:30,0,,,France,Paris - Paris,Band,,,,46c6a335-6064-4118-8021-83fb37b1bc6a
Dionysos,2006,Scène 1,2006-09-01,23:30,00:30,0,,,France,Valence - Drôme,Band,,,,7d248ccb-588a-414e-ab3e-be6dd8b71f81
Saïan Supa Crew,2006,Scène 1,2006-09-02,17:30,18:30,0,,,France,Bondy - Seine-Saint-Denis,Band,,,,0b8d3a99-c66f-4b6c-898c-31c30f28a196
Burning Heads,2006,Scène 1,2006-09-01,19:15,20:15,0,,,France,Orléans - Loiret,Band,,,,ffbe6832-9ab2-465e-8154-050d3a85b61d
Watcha,2006,Scène 1,2006-09-01,20:45,21:45,0,,,France,Paris - Paris,Band,,,,4530a945-981f-4ca1-bce4-c284b4a79251
Didier Super,2006,Scène 2,2006-09-02,18:45,19:25,0,,,France,Douai - Nord,Person,,,,14d3d266-58c6-415d-a3ba-02aeb28006c5
Sold Out,2006,Scène 2,2006-09-01,01:00,01:40,0,,,Belgium,Bruxelles,Band,,,,dd0c8efb-8c1e-43cc-ae58-c1c288bb2d57
Rookie Rock Radio,2006,Scène 2,2006-09-02,15:30,16:10,0,,,France,Charleville-Mézières - Ardennes,Band,,,,
Dagoba,2006,Scène 1,2006-09-02,16:00,17:00,0,,,France,Marseille - Bouches-Du-Rhône,Band,,,,a2f7e646-7109-4989-a27b-fde73b6a5312
Mansfield.TYA,2006,Scène 2,2006-09-02,22:00,22:40,0,,,France,Nantes - Loire-Atlantique,Band,,,,4b290fcf-8080-48dd-906a-1754840ad280
Babylon Circus,2006,Scène 1,2006-09-02,22:45,23:45,0,,,France,Lyon - Rhône,Band,,,,84788caa-d859-4814-bf18-cbfbe277ce73
Sarazvati,2006,Scène 2,2006-09-02,00:15,00:55,0,,,France,Lille - Nord,Band,,,,
Zenzile,2006,Scène 1,2006-09-02,00:45,01:45,0,,,France,Angers - Maine-et-Loire,Band,,,,813d273f-a945-4c09-8318-49dba4fd13a4
Yvan Marc,2006,Scène 1,2006-09-03,16:30,17:30,0,,,Auvergne-Rhône-Alpes,Saint-Julien-Chapteuil - Haute-Loire,Person,,,,4c0af3ba-16c9-43ab-8a01-01f6707f62a6
Body Fluids,2006,Scène 2,2006-09-02,14:00,14:40,0,,,France,Chantilly - Oise,Band,,,,e6bdcf5b-45d6-4369-93fb-30c70b691fd5
Nightingale,2006,Scène 2,2006-09-01,18:45,19:25,0,,,France,Ardennes,Band,,,,8980d0fa-abb9-4b50-9ab3-ad441a34854d
N'Cest,2006,Scène 2,2006-09-01,20:15,20:55,0,,,France,Charleville-Mézières - Ardennes,Band,,,,
Ohm facom,2006,Scène 2,2006-09-01,22:00,22:40,0,,,France,Charleville-Mézières - Ardennes,Band,,,,
Lads People,2006,Scène 2,2006-09-01,23:00,23:40,0,,,France,Charleville-Mézières - Ardennes,Band,,,,
Quartier Libre,2006,Scène 2,2006-09-02,17:00,17:40,0,,,France,Sedan - Ardennes,Band,,,,2fe08c17-ae36-49f2-b37d-2c308ffc6a4a
Grendel,2006,Scène 1,2006-09-02,14:45,15:25,0,,,France,Charleville-Mézières - Ardennes,Band,,,,
Janaloka,2006,Scène 2,2006-09-02,02:00,02:40,0,,,France,Reims - Marne,Band,,,,9f151e0f-98f3-4dec-a3ab-54a9e5e1369b
Malalaft,2006,Scène 2,2006-09-03,14:00,14:40,0,,,France,Champagne-Ardenne,Band,,,,
Mali,2006,Scène 1,2006-09-03,14:30,15:30,0,,,,,,,,,
Néo 109,2006,Scène 2,2006-09-03,15:00,15:40,0,,,France,Ardennes,Band,,,,
Sens Unique,2006,Scène 2,2006-09-03,18:00,18:40,0,,,France,,Band,,,,1a9b35a0-8e43-4352-86a2-cf27e71c28ca
Kiki's,2006,Scène 2,2006-09-03,20:30,21:10,0,,,France,Ardennes,Band,,,,
Archive,2007,,,,,0,,,United Kingdom,London,Band,,,,bd513de0-e42f-425e-ae46-817d7bc5fb1c
Arno,2007,,,,,1,,,Belgium,Oostende,Person,,,,03a82b66-d021-4754-aca2-399d51ee6199
La Blanche,2007,,,,,0,Arno,,France,Lyon,Band,,,,a151e7d1-ea0e-489b-a41d-8e83eefd0949
No One Is Innocent,2007,,,,,0,,,France,Paris,Band,,,,92919680-35b4-4ef2-a043-7b585a137749
Matmatah,2007,,,,,0,,,France,Brest,Band,,,,276a554b-5be6-43b3-b05d-d1e6c3dadb64
Lofofora,2007,,,,,0,,,France,Paris,Band,,,,fd928e9e-f8a8-45cb-b8bc-0daef087546e
Nosfell,2007,,,,,0,,,France,Paris,Person,,,,55b3489a-66fc-41b1-a94c-45148dfc8807
Asian Dub Foundation,2007,,,,,0,,,United Kingdom,London,Band,,,,db612997-f11e-424d-8b41-cf410a433656
Hugues Aufray,2007,,,,,0,,,France,Neuilly-sur-Seine,Person,,,,9ec13aa9-43e9-4a86-95be-d2b5c188dd20
Poum Tchack,2007,,,,,0,,,France,Marseille,Band,,,,86fc80fb-b640-4b6d-8be2-fc9e42232873
DJ Zebra,2007,,,,,0,,,France,Paris,Person,,,,
Toxic Kiss,2007,,,,,0,,,France,Nancy,Band,,,,2c93ba8d-b6d2-4c12-9821-89c149849dec
Galaxie,2007,,,,,0,,,Canada,Montréal,Band,,,,8ddc1812-2cf8-451c-afd1-e88f9d446e1b
The Gladiators,2007,,,,,0,,,Jamaica,Kingston,Band,,,,563f1d7a-a566-4645-8d28-4696020347fb
Barcella,2007,,,,,0,,,France,Reims,Person,,,,c0ce56a5-24c2-4d16-8f24-e6e280b2a371
Rachid Taha,2007,,,,,0,,,Algérie,Sig,Person,,,,04dd1f61-c21b-4d6a-b110-55b3c1309fa0
Siméo,2007,,,,,0,,,France,Lyon,Person,,,,da6bc350-2194-4953-943f-69fabd64bdf5
Les Hurlements d'Léo,2007,,,,,0,,,France,Bordeaux,Band,,,,
Punish Yourself,2007,,,,,0,,,France,Toulouse,Band,,,,d5870dd0-c028-4e16-a286-00e3bc1ebaed
Austin Newcomers,2007,,,,,0,,,France,Vitry-Le-François - Marne,Band,,,,c24cc359-d176-444c-8f97-f803025cf01a
Été 67,2007,,,,,0,,,Belgium,Liège,Band,,,,b1234fbf-99c3-417f-9e13-de7260cbdaee
Les Reskapés,2007,,,,,0,,,France,Ardennes,Band,,,,
Patrick,2007,,,,,0,,,France,Ardennes,Band,,,,
Monster Klub,2007,,,,,0,,,France,Marne,Band,,,,
Punch Chaos,2007,,,,,0,,,France,Sedan - Ardennes,Band,,,,5dcdfbf0-d071-4bef-805b-fc191f21d903
Sarazvati,2007,,,,,0,,,France,Lille - Nord,Band,,,,
Kowaï,2007,,,,,0,,,France,Ardennes,Band,,,,
Tsitomori,2007,,,,,0,,,,,,,,,
Bonguiba,2007,,,,,0,,,France,Ardennes,Band,,,,
Lulu,2007,,,,,0,,,,,,,,,002e9f6e-13af-4347-83c5-f5ace70e0ec4
Michel Bühler,2007,,,,,0,,,Switzerland,Bern,Person,,,,6f3ca1ed-6ac2-46d7-b933-ca2393a05d97
Eths,2008,Scène 1,2009-08-29,18:30,19:30,0,,,France,Marseille,Band,,,,5e45d432-32e5-49ec-a2d0-690501811a92
La Rue Kétanou,2008,Scène 1,2009-08-29,20:00,21:15,0,,,France,Paris,Band,,,,fddf4c3e-fecc-4fe4-83d7-eb830dcfee2b
Arno,2008,Scène 1,2009-08-29,22:30,23:45,0,,,Belgium,Oostende,Person,,,,03a82b66-d021-4754-aca2-399d51ee6199
Groundation,2008,Scène 1,2009-08-29,00:30,01:30,0,,,United States,Sonoma - California,Band,,,,592b9a1b-b900-4c1a-a165-bd7e7ce87d23
Barcella,2008,Scène 1,2009-08-30,15:00,15:40,0,,,France,Reims,Person,,,,c0ce56a5-24c2-4d16-8f24-e6e280b2a371
Beat Assailant,2008,Scène 1,2009-08-30,16:10,16:55,0,,,United States,Atlanta,Person,,,,a3e97e4e-cded-43d3-9ecf-aa193800d305
Svinkels,2008,Scène 1,2009-08-30,17:35,18:35,0,,,France,Paris,Band,,,,770d490e-c89b-4775-8508-aca7c75142cd
Girls in Hawaii,2008,Scène 1,2009-08-30,20:45,21:35,0,,,Belgium,Braine-l'Alleud,Band,,,,ca470d02-5eba-4050-a7f7-f3ab3474656c
Emir Kusturica,2008,Scène 1,2009-08-30,22:50,00:00,0,,,Serbia,Sarajevo,Person,,,,ffbcbcb9-b0c1-4692-b2c7-d5452f10c809
dEUS,2008,Scène 1,2009-08-30,00:40,01:40,0,,,Belgium,Antwerp,Band,,,,2d0ec174-2bff-4f46-ae1b-dfea0ed9391c
Yuksek,2008,Scène 1,2008-08-30,01:40,02:30,0,,,France,Reims,Person,,,,d6285d95-8ee1-4de2-8ceb-ff90098ab1d1
Eddie and the Hot Rods,2008,Scène 1,2008-08-31,15:30,16:30,0,,,United Kingdom,Canvey Island,Band,,,,
Pigalle,2008,Scène 1,2008-08-31,17:00,18:15,0,,,France,Paris,Band,,,,25a208bb-9da6-42a7-9c4c-ac45e7eb21fe
Louis Bertignac,2008,Scène 1,2008-08-31,19:00,20:30,0,,,France,Paris,Person,,,,e1e12165-2f0b-4e2b-b2af-3a7014856a48
Les Torchons,2008,Scène 2,2009-08-29,17:15,17:45,0,,,Ardennes,Sedan,Band,,,,
Ganisha,2008,Scène 2,2009-08-29,18:00,18:30,0,,,France,Ardennes,Band,,,,
Sna Fu,2008,Scène 2,2009-08-29,21:15,22:00,,,,,,,,,,
Dj Missill,2008,Scène 2,2009-08-29,23:45,00:30,,,,,,,,,,
Alb,2008,Scène 2,2009-08-29,01:30,02:15,0,,,France,Reims,Band,,,,1ff22e1f-ee54-414b-8fa9-b1f8b6571fc3
Zombie King,2008,Scène 2,2009-08-30,14:30,15:00,0,,,France,Ardennes,Band,,,,
Raj,2008,Scène 2,2009-08-30,15:40,16:10,0,,,France,Ardennes,Person,,,,0bdedd71-038a-4bf9-94d5-c5a8ce4e1b21
Headcharger,2008,Scène 2,2009-08-30,16:55,17:35,0,,,France,Caen,Band,,,,acd3f2bc-7535-403c-ad88-e62849cef589
Parabellum,2008,Scène 2,2009-08-30,18:35,19:15,0,,,France,Paris,Band,,,,2393a9df-4742-4083-b191-31b292a1c5bc
Los Tres Puntos,2008,Scène 2,2009-08-30,20:00,20:45,0,,,France,Rambouillet - Yvelines,Band,,,,bd35ee22-ef55-48da-8f2b-8c80a8242a87
Phoebe Killdeer,2008,Scène 2,2009-08-30,21:35,22:20,0,,,France,Antibes,Person,,,,7ad79523-97fc-4052-83b1-53d4cb344a69
Shaka Ponk,2008,Scène 2,2009-08-30,00:00,00:40,1,,,France,Paris,Band,,,,50bb66d4-63d1-4483-afbc-dc8993d76cbd
Kageybox,2008,Scène 2,2009-08-31,15:00,15:30,0,,,France,Ardennes,Band,,,,
Tagar,2008,Scène 2,2009-08-31,16:30,17:00,0,,,France,Rethel - Ardennes,Band,,,,
Sliping Kangooroos,2008,Scène 2,2009-08-31,18:15,19:00,0,,,France,Sedan - Ardennes,Band,,,,
Les Fils de Teuhpu,2008,Scène 2,2009-08-31,20:30,21:30,0,,,France,Paris,Band,,,,635bf650-bb6d-427b-89fe-71bf61957d31
La Grande Sophie,2009,Scène 1,2009-08-28,18:10,19:00,0,,,France,Thionville,Person,,,,3c8b9791-3ec7-454d-9f81-73231c3a83d1
Tricky,2009,Scène 1,2009-08-28,19:45,20:45,0,,,United Kingdom,Bristol,Person,,,,5bf64d94-efd9-4334-96fd-e6197b0b02b8
Ghinzu,2009,Scène 1,2009-08-28,20:45,21:30,0,,,Belgium,Brussels,Band,,,,2b1c601f-4c4c-4654-959e-2d243a4d4eab
Birdy Nam Nam,2009,Scène 1,2009-08-28,23:15,00:30,0,,,France,Paris,Band,,,,3255ddb2-bd7f-4850-b314-bdfa10d14706
Raj,2009,Scène 1,2009-08-29,14:30,15:10,0,,,France,Ardennes,Person,,,,0bdedd71-038a-4bf9-94d5-c5a8ce4e1b21
Absynthe Minded,2009,Scène 1,2009-08-29,15:40,16:25,0,,,Belgium,Ghent,Band,,,,01614f48-a5cc-4c44-868e-6eac343e1d89
Dub Incorporation,2009,Scène 1,2009-08-29,17:05,18:00,0,,,France,Saint-Étienne,Band,,,,
Deftones,2009,Scène 1,2009-08-29,20:25,21:40,0,,,United States,Sacramento,Band,,,,7527f6c2-d762-4b88-b5e2-9244f1e34c46
I'm from Barcelona,2009,Scène 1,2009-08-29,22:30,23:30,0,,,Sweden,Jönköping,Band,,,,
High Tone,2009,Scène 1,2009-08-29,00:10,01:00,0,,,France,Lyon,Band,,,,1291f699-f20e-43c1-9d95-761d7db60b79
Debout sur le Zinc,2009,Scène 1,2009-08-30,15:10,16:00,0,,,France,Rambouillet - Yvelines,Band,,,,9f35bff0-a843-4303-a416-2c5303e4b080
Pierre Perret,2009,Scène 1,2009-08-30,16:40,18:10,0,,,France,Castelsarrasin - Tarn-et-Garonne,Person,,,,da447efe-b2d7-4c62-8743-1d969a108200
Ten Years After,2009,Scène 1,2009-08-30,18:55,20:25,0,,,United Kingdom,Nottingham,Band,,,,73faa89a-ee00-4e40-b68e-80e4891dbc45
Exit Wounds,2009,Scène 2,2009-08-28,17:30,18:10,0,,,France,Vitry-le-François - Marne,Band,,,,b444627e-7606-4d18-83fe-4e729f85ac81
Yeti Lane,2009,Scène 2,2009-08-28,19:00,19:45,0,,,France,Paris,Band,,,,5049e149-1344-47ba-8444-0afddcd3b744
The Asteroids Galaxy Tour,2009,Scène 2,2009-08-28,20:45,21:30,0,,,Denmark,Copenhagen,Band,,,,4661d98a-95bd-4cf1-a693-4f9f25691ada
Zone Libre Vs Casey & B James,2009,Scène 2,2009-08-28,22:30,23:15,0,,,France,Paris,Band,,,,
Ed Warner's Cage,2009,Scène 2,2009-08-28,00:30,01:30,0,,,France,Charleville-Mézières - Ardennes,Band,,,,10f9c2da-93fd-4f6d-b9ec-5ce569dd750a
Goo,2009,Scène 2,2009-08-29,14:00,14:30,0,,,France,Sedan - Ardennes,Person,,,,f38aca45-2c4c-4069-9614-fa69f77c06de
Kitchi Kitchi,2009,Scène 2,2009-08-29,15:10,15:40,0,,,France,Attigny - Ardennes,Band,,,,
64 Dollar Question,2009,Scène 2,2009-08-29,16:25,17:05,0,,,France,Caen,Band,,,,62936000-7ac5-461f-9535-d80d06f391db
The Bewitched Hands,2009,Scène 2,2009-08-29,18:00,18:40,0,,,France,Reims,Band,,,,
Lyre Le Temps,2009,Scène 2,2009-08-29,19:40,20:25,0,,,France,Strasbourg,Band,,,,e10b4ba3-5a4b-4da8-afe3-86542bd46096
Shaka Ponk,2009,Scène 2,2009-08-29,21:40,22:30,0,,,France,Paris,Band,,,,50bb66d4-63d1-4483-afbc-dc8993d76cbd
Fumuj,2009,Scène 2,2009-08-29,23:30,00:10,0,,,France,Tours,Band,,,,27684bd0-38d8-419a-ab55-513dbd7deb30
We Are Enfant Terrible,2009,Scène 2,2009-08-29,01:00,01:40,0,,,France,Paris,Band,,,,e6c868d8-0672-470a-92e1-340b3d20fca8
Tournelune,2009,Scène 2,2009-08-30,14:30,15:10,0,,,France,Reims,Band,,,,744acaa1-554d-43c8-8fd7-b01815ee57d8
Gavroche,2009,Scène 2,2009-08-30,16:00,16:40,0,,,France,Gavroche,Person,,,,976b9205-8c46-455f-9546-e09eae35a326
Merlot,2009,Scène 2,2009-08-30,18:10,18:55,0,,,France,Paris,Person,,,,45cdf4ab-6d3e-441c-93ad-884cb88b297e
The Sweet Vandals,2009,Scène 2,2009-08-30,20:25,21:10,0,,,Spain,Madrid,Band,,,,0758978f-acb6-49b7-8f45-2c632a5b634c
The Black Box Revelation,2010,Grande Scène,2010-08-27,17:40,18:30,0,,,Belgium,Brussels,Band,,,,
Raggasonic,2010,Grande Scène,2010-08-27,19:10,20:10,0,,,France,Paris,Band,,,,0017e52a-e23a-437a-a5c1-18ed4ebe968e
dEUS,2010,Grande Scène,2010-08-27,21:10,22:10,0,,,Belgium,Antwerp,Band,,,,2d0ec174-2bff-4f46-ae1b-dfea0ed9391c
Massive Attack,2010,Grande Scène,2010-08-27,23:10,00:25,0,,,United Kingdom,Bristol,Band,,,,10adbe5e-a2c0-4bf3-8249-2b4cbf6e6ca8
We Are Enfant Terrible,2010,Grande Scène,2010-08-28,16:40,17:20,0,,,France,Paris,Band,,,,e6c868d8-0672-470a-92e1-340b3d20fca8
Gojira,2010,Grande Scène,2010-08-28,18:00,19:00,0,,,France,Ondres,Band,,,,1c5efd53-d6b6-4d63-9d22-a15025cf5f07
Fat Freddy's Drop,2010,Grande Scène,2010-08-28,19:40,20:40,0,,,New Zealand,Wellington,Band,,,,
Ska-P,2010,Grande Scène,2010-08-28,21:40,22:55,0,,,Spain,Madrid,Band,,,,2de794c8-8826-48d0-90e0-6900183ba9e0
The Bloody Beetroots,2010,Grande Scène,2010-08-28,23:45,00:45,0,,,Italy,Bassano del Grappa,Other,,,,30d639db-5c8f-494e-a937-460a4b67f3b4
Triggerfinger,2010,Grande Scène,2010-08-29,16:40,17:30,0,,,Belgium,Antwerp,Band,,,,b3e73938-5249-4d47-9db4-5edabbbb8c95
Staff Benda Bilili,2010,Grande Scène,2010-08-29,18:10,19:10,0,,,Democratic Republic of the Congo,Kinshasa,Band,,,,18a163e6-befd-475b-b9f0-3531c72db7fe
Olivia Ruiz,2010,Grande Scène,2010-08-29,20:10,21:30,0,,,France,Carcassonne,Person,,,,5083e4bf-3246-4ab9-a6d3-23be8db8db2c
Platoon Playground,2010,Illuminations,2010-08-27,15:30,16:10,0,,,France,Charleville-Mézières - Ardennes,Band,,,,
MALADAPTIVE,2010,Illuminations,2010-08-27,17:00,17:40,0,,,France,Ardennes,Band,,,,8de6cd79-a149-4203-a131-a12c96941f96
Monotonix,2010,Illuminations,2010-08-27,18:30,19:10,0,,,Israel,Tel Aviv,Band,,,,618b4848-9402-4b38-9b34-c251938def8e
Jello Biafra & The Guantanamo School of Medicine,2010,Illuminations,2010-08-27,20:10,21:10,0,,,United States,San Francisco,Band,,,,
The Jim Jones Revue,2010,Illuminations,2010-08-27,22:10,23:10,0,,,United Kingdom,London,Band,,,,0c7daca5-9955-477b-882a-362a49d05450
The Subs,2010,Illuminations,2010-08-27,00:25,01:15,0,,,Belgium,Ghent,Band,,,,40463321-46e0-4994-bc37-97c0b5fc1f25
Grunge,2010,Illuminations,2010-08-28,14:00,15:10,0,,,France,Ardennes,Band,,,,836a22e2-7c0b-49dd-8173-aab53de1c8e6
Starlion,2010,Illuminations,2010-08-28,16:00,16:40,0,,,France,Reims,Person,,,,7b28e939-5374-40bb-a4b2-882c9e762297
CBY,2010,Illuminations,2010-08-28,17:20,18:00,0,,,France,"Charleville-Mézières, Ardennes",Band,,,,
The Inspector Cluzo,2010,Illuminations,2010-08-28,19:00,19:40,0,,,France,Mont-de-Marsan,Band,,,,791564ac-90f2-409e-b623-eef85c721ef4
Madball,2010,Illuminations,2010-08-28,20:40,21:40,0,,,United States,New York,Band,,,,c9e0a0f5-9f53-4247-a52d-a3f29d975e17
Marvin,2010,Illuminations,2010-08-28,22:55,23:45,0,,,France,Montpellier,Person,,,,8d238183-0e6e-40b8-b9e2-482185a559c8
Dan le Sac,2010,Illuminations,2010-08-28,00:45,01:35,0,,,United Kingdom,Stanford-le-Hope - Essex,Person,,,,366f23f0-c30e-4fa7-b0eb-c1e846bbdecb
Goose,2010,Illuminations,2010-08-28,01:40,02:30,0,,,Belgium,Courtrai,Band,,,,b925a474-d245-4217-bc13-2e153d82bebb
Tziganesh’ti,2010,Illuminations,2010-08-29,14:30,15:10,0,,,France,Ardennes,Band,,,,
This Is Not Hollywood,2010,Illuminations,2010-08-29,16:00,16:40,0,,,France,Reims,Band,,,,
Lisa Portelli,2010,Illuminations,2010-08-29,17:30,18:10,0,,,France,Reims,Person,,,,564299f7-77b0-4aae-a008-ee8083778322
Katzenjammer,2010,Illuminations,2010-08-29,19:10,20:10,0,,,Norway,Oslo,Band,,,,ad102038-c2a1-4c6b-856f-f671254de54f
Hatebreed,2011,Grande Scène,2011-08-26,16:50,17:50,0,,,United States,Bridgeport,Band,,,,40b7efb7-1268-4a80-b354-600afdcbe9e2
The Wombats,2011,Grande Scène,2011-08-26,18:30,19:30,0,,,United Kingdom,Liverpool,Band,,,,e105c272-b5d7-4135-82ef-d60bded54345
The Dø,2011,Grande Scène,2011-08-26,20:20,21:20,0,,,France,Paris,Band,,,,c3477250-bc5f-44e9-aa0a-144dd2d7a935
Iggy and The Stooges,2011,Grande Scène,2011-08-26,22:20,23:30,0,,,United States,Ann Arbor,Band,,,,1253e5e9-eaa7-4ce6-81b8-09725e8cee43
The Bewitched Hands,2011,Grande Scène,2011-08-27,15:10,16:00,0,,,France,Reims,Band,,,,
Lilly Wood and The Prick,2011,Grande Scène,2011-08-27,16:40,17:30,0,,,France,Paris,Band,,,,1b72331b-3a97-4981-a81c-eeee9c275d28
Suicidal Tendencies,2011,Grande Scène,2011-08-27,18:20,19:20,0,,,United States,Los Angeles,Band,,,,e9e2a634-984f-4c10-bf7b-7970179e1ef1
Tiken Jah Fakoly,2011,Grande Scène,2011-08-27,20:10,21:20,0,,,Côte d'Ivoire,Odienné,Person,,,,edef3cfa-4e5e-4d64-8bd8-20f9dc1d8cad
NOFX,2011,Grande Scène,2011-08-27,22:20,23:40,0,,,United States,Los Angeles,Band,,,,dcaa4f81-bfb7-44eb-8594-4e74f004b6e4
The Rapture,2011,Grande Scène,2011-08-27,00:30,01:30,0,,,United States,New York,Band,,,,3697647f-1839-479e-98a1-9ad39004d923
Pigalle,2011,Grande Scène,2011-08-28,16:40,17:40,0,,,France,Paris,Band,,,,25a208bb-9da6-42a7-9c4c-ac45e7eb21fe
Mademoiselle K,2011,Grande Scène,2011-08-28,18:20,19:20,0,,,France,Paris,Band,,,,3bc1d04c-7e12-4112-8a95-f302aca54648
Têtes Raides,2011,Grande Scène,2011-08-28,20:00,21:10,0,,,France,Paris,Band,,,,739162d3-8f9d-4710-8fe1-a73e59690506
Viscera,2011,Illuminations,2011-08-26,15:00,15:40,0,,,United Kingdom,United Kingdom,Band,,,,e0da5e76-7ba9-4f5b-bf94-34cd54b380f3
Rockin' Bitch,2011,Illuminations,2011-08-26,16:10,16:50,0,,,France,Ardennes,Band,,,,
This Is Not Hollywood,2011,Illuminations,2011-08-26,17:50,18:30,0,,,France,Reims,Band,,,,
The Death Set,2011,Illuminations,2011-08-26,19:30,20:20,0,,,Australia,Gold Coast,Band,,,,7ec4f94d-bd26-408d-a81b-4df4cae674f2
Atari Teenage Riot,2011,Illuminations,2011-08-26,21:20,22:20,0,,,Germany,Berlin,Band,,,,fe404dd9-09b2-4ac8-a0e5-8da1c4027061
Sexy Sushi,2011,Illuminations,2011-08-26,23:30,00:20,0,,,France,Nantes - Loire-Atlantique,Band,,,,e2a43d9f-4503-4668-be98-44e86242925d
Vitalic,2011,Illuminations,2011-08-26,00:30,02:00,0,,,France,Dijon,Person,,,,1f064e2d-aa55-4631-8f62-e2c14bbe1f4e
John Grape,2011,Illuminations,2011-08-27,16:00,16:40,0,,,France,Reims,Band,,,,adb7563f-02ab-481a-9133-00ee5284e152
Selah Sue,2011,Illuminations,2011-08-27,17:30,18:20,0,,,Belgium,Louvain,Person,,,,fefeb63b-9430-4fe8-a332-0c400351af50
The BellRays,2011,Illuminations,2011-08-27,19:20,20:10,0,,,United States,Riverside,Band,,,,c754774d-d3ea-4216-9486-368c04b1bbe7
Pete Doherty,2011,Illuminations,2011-08-27,21:20,22:30,0,,,United Kingdom,Hexham,Person,,,,
The Shoes,2011,Illuminations,2011-08-27,23:40,00:30,0,,,Netherlands,Zoeterwoude,Band,,,,f527fc42-5905-4f48-976f-717080455ff9
BeatauCue,2011,Illuminations,2011-08-27,01:30,02:30,0,,,France,Caen,Band,,,,6032a2a4-6127-4fa6-ac92-cfbe2202056d
Eddy Louis,2011,Illuminations,2011-08-28,16:00,16:40,0,,,France,Ardennes,Person,,,,
Huck,2011,Illuminations,2011-08-28,17:40,18:20,0,,,France,Troyes - Aube,Band,,,,e0641ce9-3274-446f-b0d5-9863b825d806
Nourai,2011,Illuminations,2011-08-28,19:20,20:00,0,,,France,Reims - Marne,Band,,,,
Stupeflip,2011,Illuminations,2011-08-28,21:10,22:10,0,,,France,Paris,Band,,,,754abc13-d242-4585-8276-2c8c45aa37cf
Big Guns,2012,Illuminations,2012-08-23,20:30,21:10,0,,,France,Reims,Band,,,,54d1e9d2-c6b9-4156-a079-5dacf526ceff
Cancer Bats,2012,Zanzibar,2012-08-23,21:10,22:00,0,,,Canada,Toronto,Band,,,,00b952be-6c97-4880-84f9-06de584b491b
Kap Bambino,2012,Illuminations,2012-08-23,22:00,23:00,0,,,France,Bordeaux,Band,,,,7d2092f4-6784-4776-8482-3b6cb4fe2f9a
Temple,2012,Illuminations,2012-08-24,15:30,16:10,0,,,France,Ardennes,Band,,,,
Most Agadn't,2012,Illuminations,2012-08-24,17:10,17:50,0,,,France,Sedan,Band,,,,5da490d9-0c3f-4c3f-8248-8bf37af25677
La Femme,2012,Illuminations,2012-08-24,18:50,19:40,0,,,France,Biarritz,Band,,,,559211a5-2a51-4346-ba84-5cc74821a1cd
The Bots,2012,Illuminations,2012-08-24,20:50,21:50,0,,,United States,Los Angeles,Band,,,,198f6a29-d176-4924-9747-d0b8071fcb3e
JoeyStarr,2012,Illuminations,2012-08-24,22:50,23:50,0,,,France,Saint-Denis,Person,,,,20c6e313-e93d-4972-a164-403447bbe001
Enter Shikari,2012,Illuminations,2012-08-24,01:10,02:00,0,,,United Kingdom,St Albans,Band,,,,329f95db-f02e-40bf-a5f7-0dea11529ce3
N'Cest,2012,Illuminations,2012-08-25,15:30,16:10,0,,,France,Charleville-Mézières - Ardennes,Band,,,,
About The Girl,2012,Illuminations,2012-08-25,17:10,17:50,0,,,France,Reims,Band,,,,220e4149-7ac8-4b21-b356-957a74ed6450
Agnostic Front,2012,Illuminations,2012-08-25,18:50,19:40,0,,,United States,New York,Band,,,,40b8a690-94e4-4c82-ad0f-73f4b841e46a
Yuksek,2012,Illuminations,2012-08-25,20:50,21:50,0,,,France,Reims,Person,,,,d6285d95-8ee1-4de2-8ceb-ff90098ab1d1
C2C,2012,Illuminations,2012-08-25,23:00,00:00,0,,,France,Nantes,Band,,,,b7b79181-af53-4496-be15-a7b7d7cbe71c
Noisia,2012,Illuminations,2012-08-25,01:10,02:00,0,,,Netherlands,Groningen,Band,,,,ec22a32b-acab-432e-a88c-ffe6ae68fa16
La Villa Ginette,2012,Illuminations,2012-08-26,16:10,16:50,0,,,France,Reims,Band,,,,7ca4ae3c-3066-4390-99b1-e593b22b260f
Charlie Fabert,2012,Illuminations,2012-08-26,17:40,18:20,0,,,France,Vitry-le-François,Person,,,,
The Weasel And The Wasters,2012,Illuminations,2012-08-26,19:20,20:00,0,,,France,Reims,Band,,,,
Barcella,2012,Illuminations,2012-08-26,21:10,22:10,0,,,France,Reims,Person,,,,c0ce56a5-24c2-4d16-8f24-e6e280b2a371
Eagles of Death Metal,2012,Zanzibar,2012-08-23,19:15,20:15,0,,,United States,Palm Desert,Band,,,,de11b037-d880-40e0-8901-0397c768c457
Manu Chao,2012,Zanzibar,2012-08-23,23:00,01:00,0,,,France,Paris,Person,,,,7570a0dd-5a67-401b-b19a-261eee01a284
Toots and the Maytals,2012,Zanzibar,2012-08-24,16:10,17:10,0,,,Jamaica,KIngston,Band,,,,
The Dandy Warhols,2012,Zanzibar,2012-08-24,17:50,18:50,0,,,United States,Portland,Band,,,,5f572b31-8fd9-45ae-9beb-358c98d839df
Public Enemy,2012,Zanzibar,2012-08-24,19:40,20:50,0,,,United States,Long Island,Band,,,,bf2e15d0-4b77-469e-bfb4-f8414415baca
Birdy Nam Nam,2012,Zanzibar,2012-08-24,21:50,22:50,0,,,France,Paris,Band,,,,3255ddb2-bd7f-4850-b314-bdfa10d14706
Skrillex,2012,Zanzibar,2012-08-24,23:50,01:00,0,,,United States,Los Angeles,Person,,,,ae002c5d-aac6-490b-a39a-30aa9e2edf2b
The Love Me Nots,2012,Zanzibar,2012-08-25,16:10,17:10,0,,,United States,Phoenix,Band,,,,0cf6cf9b-57ca-4d69-b3bc-7d7b6c856b22
Dionysos,2012,Zanzibar,2012-08-25,17:50,18:50,0,,,France,Valence - Drôme,Band,,,,7d248ccb-588a-414e-ab3e-be6dd8b71f81
Orelsan,2012,Zanzibar,2012-08-25,19:40,20:50,0,,,France,Caen,Person,,,,6cad3ce5-6380-4594-a8da-ae7d273b683d
Franz Ferdinand,2012,Zanzibar,2012-08-25,21:50,23:00,0,,,United Kingdom,Glasgow,Band,,,,aa7a2827-f74b-473c-bd79-03d065835cf7
Digitalism,2012,Zanzibar,2012-08-25,00:00,01:00,0,,,Germany,Hamburg,Band,,,,7b52603c-a84c-4a76-8dc8-899bb4dd9fa7
Daniel Darc,2012,Zanzibar,2012-08-26,16:50,17:40,0,,,France,Paris,Person,,,,e5173fff-a188-40a2-99ca-67fc4cdd5a68
Caravan Palace,2012,Zanzibar,2012-08-26,18:20,19:20,0,,,France,Paris,Band,,,,72eabb1a-4d2c-4de6-90f2-671b2cada42b
Charlie Winston,2012,Zanzibar,2012-08-26,20:00,21:10,0,,,United Kingdom,Cornwall,Person,,,,983d4f8f-473e-4091-8394-415c105c4656
Asher Selector,2012,Temps Des Cerises,2012-08-23,,,0,,,Switzerland,Geneva,Person,,,,
Asher Selector,2012,Temps Des Cerises,2012-08-24,,,0,,,Switzerland,Geneva,Person,,,,
Asher Selector,2012,Temps Des Cerises,2012-08-25,,,0,,,Switzerland,Geneva,Person,,,,
Asher Selector,2012,Temps Des Cerises,2012-08-26,,,0,,,Switzerland,Geneva,Person,,,,
Mad Codiouf,2013,Temps Des Cerises,2013-08-22,17:00,21:00,0,,Raspect Crew,Belgium,Codines,Person,,,,
Asher Selector,2013,Temps Des Cerises,2013-08-22,17:00,21:00,0,,,Switzerland,Geneva,Person,,,,
K-gol,2013,Temps Des Cerises,2013-08-22,21:00,22:00,0,,,France,Ardennes,Person,,,,
Akero,2013,Temps Des Cerises,2013-08-22,22:00,23:15,0,,,France,Reims,Person,,,,
Guestarach,2013,Temps Des Cerises,2013-08-22,23:15,00:15,0,,,France,Reims,Person,,,,
Monoblok & PSLKTR,2013,Temps Des Cerises,2013-08-22,00:15,01:15,0,,,France,Lille,Band,,,,
Km3,2013,Temps Des Cerises,2013-08-22,01:15,02:15,0,,,France,Paris,Person,,,,
Greg,2013,Temps Des Cerises,2013-08-23,14:00,21:00,0,,Raspect Crew,,,Person,,,,
Raldo,2013,Temps Des Cerises,2013-08-23,14:00,21:00,0,,Raspect Crew,Switzerland,Geneva,Person,,,,
Selecta Anton,2013,Temps Des Cerises,2013-08-23,14:00,21:00,0,,Raspect Crew,Switzerland,Geneva,Person,,,,
Asher Selector,2013,Temps Des Cerises,2013-08-23,14:00,21:00,0,,,Switzerland,Geneva,Person,,,,
K-gol,2013,Temps Des Cerises,2013-08-23,21:00,22:00,0,,,France,Ardennes,Person,,,,
DJ Gero,2013,Temps Des Cerises,2013-08-23,22:00,02:15,0,,Qhuit Partizzz,France,Maisons-Alfort,Person,,,,8dcf4e22-89c0-4824-bebd-81d0c65bddfd
Drixxxe,2013,Temps Des Cerises,2013-08-23,22:00,02:15,0,,Qhuit Partizzz,France,Paris,Person,,,,
Gerard Baste,2013,Temps Des Cerises,2013-08-23,22:00,02:15,0,,Qhuit Partizzz,France,Paris,Person,,,,
Dr Vince,2013,Temps Des Cerises,2013-08-23,22:00,02:15,0,,Qhuit Partizzz,France,Paris,Person,,,,1e0d8bb5-d731-4084-98e2-3850058dead9
DSL,2013,Temps Des Cerises,2013-08-23,22:00,02:15,0,,Qhuit Partizzz,France,Paris,Band,,,,
Brother Culture,2013,Temps Des Cerises,2013-08-24,14:00,21:00,0,,Raspect Crew,United Kingdom,Brixton,Person,,,,5e7a2724-5d73-4f2f-afba-a93f21be769e
T-Zion,2013,Temps Des Cerises,2013-08-24,14:00,21:00,0,,Raspect Crew,France,Nancy,Person,,,,
Greg,2013,Temps Des Cerises,2013-08-24,14:00,21:00,0,,Raspect Crew,,,Person,,,,
Raldo,2013,Temps Des Cerises,2013-08-24,14:00,21:00,0,,Raspect Crew,Switzerland,Geneva,Person,,,,
Mad Codiouf,2013,Temps Des Cerises,2013-08-24,14:00,21:00,0,,Raspect Crew,Belgium,Codines,Person,,,,
Asher Selector,2013,Temps Des Cerises,2013-08-24,14:00,21:00,0,,,Switzerland,Geneva,Person,,,,
Heymoonshaker,2013,Temps Des Cerises,2013-08-24,20:00,20:45,0,,,United Kingdom,London,Band,,,,6d0583da-f247-4364-b34c-130740628cc4
Brother Culture,2013,Temps Des Cerises,2013-08-24,20:45,02:15,0,,Raspect Crew,United Kingdom,Brixton,Person,,,,5e7a2724-5d73-4f2f-afba-a93f21be769e
T-Zion,2013,Temps Des Cerises,2013-08-24,20:45,02:15,0,,Raspect Crew,France,Nancy,Person,,,,
Greg,2013,Temps Des Cerises,2013-08-24,20:45,02:15,0,,Raspect Crew,,,Person,,,,
Raldo,2013,Temps Des Cerises,2013-08-24,20:45,02:15,0,,Raspect Crew,Switzerland,Geneva,Person,,,,
Mad Codiouf,2013,Temps Des Cerises,2013-08-24,20:45,02:15,0,,Raspect Crew,Belgium,Codines,Person,,,,
Collectif Back in Time,2013,Temps Des Cerises,2013-08-25,14:00,20:30,0,,,France,Reims,Band,,,,
Carbon,2013,Illuminations,2013-08-22,18:20,19:00,0,,,France,Ardennes,Person,,,,
Alt-J (∆),2013,Illuminations,2013-08-22,20:00,21:00,0,,,United Kingdom,Leeds,Band,,,,
A$AP Rocky,2013,Illuminations,2013-08-22,22:10,23:10,0,,,United States,Harlem,Person,,,,25b7b584-d952-4662-a8b9-dd8cdfbfeb64
Major Lazer,2013,Illuminations,2013-08-22,00:00,01:00,0,,,United States,Los Angeles,Band,,,,75be165a-ad83-4d12-bd28-f589a15c479f
Amon Tobin,2013,Illuminations,2013-08-22,01:15,02:15,0,,,Brazil,Rio de Janeiro,Person,,,,630662ea-1c7d-4208-99fd-ba3afec20f0c
Den House,2013,Illuminations,2013-08-23,15:50,16:30,0,,,France,Reims,Band,,,,
Outside Inc.,2013,Illuminations,2013-08-23,17:20,18:00,0,,,France,Reims,Band,,,,
The Bronx,2013,Illuminations,2013-08-23,19:00,20:00,0,,,United States,Los Angeles,Band,,,,66ca7462-753c-48d0-9fe7-80d4b0897d18
JC Satàn,2013,Illuminations,2013-08-23,21:00,22:00,0,,,France,Bordeaux,Band,,,,
Crystal Castles,2013,Illuminations,2013-08-23,23:10,00:10,0,,,Canada,Toronto,Band,,,,b1570544-93ab-4b2b-8398-131735394202
Netsky,2013,Illuminations,2013-08-23,01:10,02:10,0,,,Belgium,Edegem,Person,,,,587fd8ec-2e9d-4ce6-8bc5-97d0a9334883
Caos Locos,2013,Illuminations,2013-08-24,15:30,16:10,0,,,France,Reims,Band,,,,
Grindi Manberg,2013,Illuminations,2013-08-24,17:00,17:40,0,,,France,Reims,Band,,,,34e3ede5-0138-45ee-8b81-fd04e36c026f
Royal Republic,2013,Illuminations,2013-08-24,18:40,19:40,0,,,Sweden,Malmö,Band,,,,4c557e83-d72f-4a93-92c1-645db5031a96
Hanni El Khatib,2013,Illuminations,2013-08-24,20:50,21:50,0,,,United States,San Francisco,Person,,,,55d4b04a-d861-4417-979c-ee52ff74e730
Gesaffelstein,2013,Illuminations,2013-08-24,23:00,00:10,0,,,France,Lyon,Person,,,,cc3e537d-ff34-423f-8cd6-635a80f4dba7
Brodinski,2013,Illuminations,2013-08-24,01:10,02:10,0,,,France,Reims,Person,,,,cb8be4d2-d0c2-4960-9f4e-8413258b98d6
Mila Marina,2013,Illuminations,2013-08-25,16:00,16:40,0,,,France,Reims,Person,,,,
Nightbush City Rockers,2013,Illuminations,2013-08-25,17:30,18:10,0,,,France,Reims,Band,,,,
The Moodhunters,2013,Illuminations,2013-08-25,19:40,20:20,0,,,France,Reims,Band,,,,
Keny Arkana,2013,Illuminations,2013-08-25,21:30,22:30,0,,,France,Marseille,Person,,,,f97c4058-cc2b-43da-97e5-96bef7e55f40
EELS,2013,Zanzibar,2013-08-22,19:00,20:00,0,,,United States,Los Angeles,Band,,,,14387b0f-765c-4852-852f-135335790466
Deftones,2013,Zanzibar,2013-08-22,21:00,22:10,0,,,United States,Sacramento,Band,,,,7527f6c2-d762-4b88-b5e2-9244f1e34c46
Asaf Avidan,2013,Zanzibar,2013-08-22,23:10,00:20,0,,,Israel,Jerusalem,Person,,,,5b9890b9-a2e8-4768-ad70-9f28bb81fc00
Bass Drum of Death,2013,Zanzibar,2013-08-23,16:30,17:20,0,,,United States,Oxford,Band,,,,de91eca2-c09a-4c92-84d1-3fb80ccd6d59
Sick of It All,2013,Zanzibar,2013-08-23,18:00,19:00,0,,,United States,Queens,Band,,,,e204ed91-3684-4561-b29b-d0b53f8459a7
Skip the Use,2013,Zanzibar,2013-08-23,20:00,21:00,0,,,France,Lille,Band,,,,1c346a43-0fba-4702-bc1b-c198f07e3da4
Beady Eye,2013,Zanzibar,2013-08-23,20:00,21:00,1,,,United Kingdom,Manchester,Band,,,,a0e10984-0eca-4920-a171-5fd7a62ee069
The Offspring,2013,Zanzibar,2013-08-23,22:00,23:10,0,,,United States,Garden Grove,Band,,,,23a03e33-a603-404e-bcbf-2c00159d7067
Boys Noize,2013,Zanzibar,2013-08-23,00:10,01:10,0,,,Germany,Berlin,Person,,,,d2f4a968-1f6e-4a4a-9376-ee2b2a50c87a
H-Burns,2013,Zanzibar,2013-08-24,16:10,17:00,0,,,France,Romans-sur-Isère,Person,,,,
Bomba Estéreo,2013,Zanzibar,2013-08-24,17:40,18:40,0,,,Colombia,Bogotá,Band,,,,aea8576d-7ad5-4430-bf2e-63725d80f05c
Two Door Cinema Club,2013,Zanzibar,2013-08-24,19:40,20:50,0,,,Northern Ireland,Bangor,Band,,,,6f1de078-6684-4792-820d-2ffad64c15ed
Wu-Tang Clan,2013,Zanzibar,2013-08-24,21:50,23:00,0,,,United States,New York,Band,,,,
The Bloody Beetroots,2013,Zanzibar,2013-08-24,00:10,01:10,0,,,Italy,Bassano del Grappa,Other,,,,30d639db-5c8f-494e-a937-460a4b67f3b4
The Skints,2013,Zanzibar,2013-08-25,16:40,17:30,0,,,United Kingdom,London,Band,,,,7a279145-e778-4099-8f73-ea917a1956c9
Heymoonshaker,2013,Zanzibar,2013-08-25,18:10,18:40,0,,,United Kingdom,London,Band,,,,6d0583da-f247-4364-b34c-130740628cc4
Valerie June,2013,Zanzibar,2013-08-25,18:45,19:40,0,,,United States,Jackson,Person,,,,b76c1bf7-f33b-460c-bfc3-f140d023fc94
Keziah Jones,2013,Zanzibar,2013-08-25,20:20,21:30,0,,,Nigeria,Lagos,Person,,,,754932cb-a3df-43c5-99ab-c1a69190e4bc
Raspect Crew,2014,Temps Des Cerises,2014-08-21,17:00,22:00,0,,,Various,Various,Band,,,,
Asher Selector,2014,Temps Des Cerises,2014-08-21,17:00,22:00,0,,,Switzerland,Geneva,Person,,,,
Hubwar,2014,Temps Des Cerises,2014-08-21,22:00,23:00,0,,,France,Lyon,Person,,,,4b6d77cd-3943-441b-af0b-0e357d60e83b
Lophide,2014,Temps Des Cerises,2014-08-21,23:00,00:00,0,,,France,Biarritz,Person,,,,584ae8fb-8d15-4368-8aa9-b04f8f3c1d9f
Helper,2014,Temps Des Cerises,2014-08-21,00:15,01:00,0,,,France,Ardennes,Person,,,,18c7832b-1924-4be7-8494-14b666e9a6e6
Troopers,2014,Temps Des Cerises,2014-08-21,01:15,02:15,0,,,France,Champgne-Ardenne,Band,,,,
Raspect Crew,2014,Temps Des Cerises,2014-08-22,14:00,18:20,0,,,Various,Various,Band,,,,
Asher Selector,2014,Temps Des Cerises,2014-08-22,14:00,18:20,0,,,Switzerland,Geneva,Person,,,,
Salut C'est Cool,2014,Temps Des Cerises,2014-08-22,18:20,19:00,0,,,France,Paris,Band,,,,
Raspect Crew,2014,Temps Des Cerises,2014-08-22,19:00,22:00,0,,,Various,Various,Band,,,,
Asher Selector,2014,Temps Des Cerises,2014-08-22,19:00,22:00,0,,,Switzerland,Geneva,Person,,,,
Guestarach,2014,Temps Des Cerises,2014-08-22,22:00,23:00,0,,,France,Reims,Person,,,,
Yann Kesz,2014,Temps Des Cerises,2014-08-22,23:00,00:00,0,,,France,Paris,Band,,,,7060907c-10bd-4d83-91fd-9be381487f2a
Kaptain Kadillac,2014,Temps Des Cerises,2014-08-22,00:00,01:00,0,,,France,Paris,Band,,,,
Hoosky,2014,Temps Des Cerises,2014-08-22,01:00,02:00,0,,,France,Paris,Band,,,,d8c021d2-7077-489d-979f-3c414aebf7f5
Raspect Crew,2014,Temps Des Cerises,2014-08-23,14:00,18:20,0,,,Various,Various,Band,,,,
Asher Selector,2014,Temps Des Cerises,2014-08-23,14:00,18:20,0,,,Switzerland,Geneva,Person,,,,
Jungle Shakers,2014,Temps Des Cerises,2014-08-23,17:30,18:10,0,,,France,Sedan - Ardennes,Band,,,,
Raspect Crew,2014,Temps Des Cerises,2014-08-23,18:10,23:50,0,,,Various,Various,Band,,,,
Asher Selector,2014,Temps Des Cerises,2014-08-23,18:10,23:50,0,,,Switzerland,Geneva,Person,,,,
Bodybeat,2014,Temps Des Cerises,2014-08-23,23:50,00:50,0,,,France,Reims,Band,,,,409b974c-7594-4f8d-90be-5bdba8186633
Raspect Crew,2014,Temps Des Cerises,2014-08-23,00:50,02:00,0,,,Various,Various,Band,,,,
Asher Selector,2014,Temps Des Cerises,2014-08-23,00:50,02:00,0,,,Switzerland,Geneva,Person,,,,
Alb,2014,Illuminations,2014-08-21,18:30,19:10,0,,,France,Reims,Band,,,,1ff22e1f-ee54-414b-8fa9-b1f8b6571fc3
Red Fang,2014,Illuminations,2014-08-21,20:10,21:00,0,,,United States,Portland,Band,,,,fb2cc158-0ad2-4dc5-a6b6-b2a1a8e2fe65
Royal Blood,2014,Illuminations,2014-08-21,22:20,23:10,0,,,United Kingdom,Brighton,Band,,,,aa62b28e-b6d4-4086-91d4-e5fac1ed56f3
Joey Bada$$,2014,Illuminations,2014-08-21,00:10,01:00,0,,,United States,Brooklyn,Person,,,,9757ae7d-44b1-4d63-81ce-b463fe27b9ae
Flume,2014,Illuminations,2014-08-21,01:30,02:30,0,,,Australia,Sydney,Person,,,,35fd8d42-b4a6-4414-9827-8766bd0daa3c
The Mothman Prophecies,2014,Illuminations,2014-08-22,15:50,16:30,0,,,France,Sedan,Band,,,,
Marmozets,2014,Illuminations,2014-08-22,17:20,18:10,0,,,United Kingdom,Bingley,Band,,,,a8397de0-fe98-42db-bf19-c26b99ead138
The Cool Kids,2014,Illuminations,2014-08-22,19:10,20:00,0,,,United States,Chicago,Band,,,,fca8cdfa-120d-49ec-b1da-0ff8aa90c3ab
Murkage,2014,Illuminations,2014-08-22,21:00,21:50,0,,,United Kingdom,London,Band,,,,c6b645f1-140d-4c37-8391-4edb6131f0a5
King Khan & The Shrines,2014,Illuminations,2014-08-22,23:00,00:00,0,,,Germany,Berlin,Band,,,,
Kavinsky,2014,Illuminations,2014-08-22,01:20,02:20,0,,,France,Paris,Person,,,,eb6de5f6-98f8-4b5a-bfdc-f87fa4936baa
The Lads,2014,Illuminations,2014-08-23,15:20,16:00,0,,,France,Charleville-Mézières,Band,,,,13b6a927-5ca8-4899-910a-778c99261a16
B.E.S / BB Gang,2014,Illuminations,2014-08-23,16:50,17:30,0,,,France,Reims,Band,,,,
Tinariwen,2014,Illuminations,2014-08-23,18:30,19:30,0,,,Mali,Kidal,Band,,,,5c98fc12-be83-4246-ae5b-2184192913b9
The School Boy Q,2014,Illuminations,2014-08-23,20:30,21:30,0,,,United States,Los Angeles,Person,,,,bce6d667-cde8-485e-b078-c0a05adea36d
The parov stelar band,2014,Illuminations,2014-08-23,22:40,23:50,0,,,Austria,Linz,Band,,,,
Jagwar Ma,2014,Illuminations,2014-08-23,00:20,01:00,0,,,Australia,Sydney,Band,,,,5b933654-f58b-438c-8652-90567e5495a1
Baptizein,2014,Illuminations,2014-08-24,16:20,17:00,0,,,France,Sedan,Person,,,,
St Paul and the Broken Bones,2014,Illuminations,2014-08-24,18:00,18:50,0,,,United States,Birmingham,Band,,,,
Nick Waterhouse,2014,Illuminations,2014-08-24,20:00,21:00,0,,,United States,Santa Ana,Person,,,,b20e16f4-4af2-4234-93ca-6c79525269a1
Metronomy,2014,Zanzibar,2014-08-21,19:10,20:10,0,,,United Kingdom,Totnes,Band,,,,93eb7110-0bc9-4d3f-816b-4b52ef982ec8
-M-,2014,Zanzibar,2014-08-21,21:00,22:20,0,,,France,Paris,Person,,,,
Placebo,2014,Zanzibar,2014-08-21,23:10,00:30,0,,,United Kingdom,London,Band,,,,847e8284-8582-4b0e-9c26-b042a4f49e57
Die Antwoord,2014,Zanzibar,2014-08-21,01:10,02:10,0,,,South Africa,Cape Town,Band,,,,7e07ffb5-c0f6-4891-a74d-a5e12a247785
Cloud Nothings,2014,Zanzibar,2014-08-22,16:30,17:20,0,,,United States,Cleveland,Band,,,,29c91854-8c45-469b-b36d-a11fb650638b
The Struts,2014,Zanzibar,2014-08-22,18:10,19:10,0,,,United Kingdom,Derby,Band,,,,f0be891f-6114-448a-ac55-a11bb2961f78
Casseurs Flowters,2014,Zanzibar,2014-08-22,20:00,21:00,0,,,France,Caen,Band,,,,0e2fe8d5-08d6-4b6c-9e59-a0858cdcdf77
Editors,2014,Zanzibar,2014-08-22,21:50,23:00,0,,,United Kingdom,Stafford,Band,,,,0efe858c-89e5-4e47-906a-356fa953fd6e
The Prodigy,2014,Zanzibar,2014-08-22,00:00,01:20,0,,,United Kingdom,Braintree,Band,,,,4a4ee089-93b1-4470-af9a-6ff575d32704
Findlay,2014,Zanzibar,2014-08-23,16:00,16:50,0,,,United Kingdom,Manchester,Person,,,,303a37f0-17ae-4ae9-a886-220b274b963b
Airbourne,2014,Zanzibar,2014-08-23,17:30,18:30,0,,,Australia,Warrnambool,Band,,,,5365f55c-b1e1-48f9-b09f-078f7a14cb1f
Triggerfinger,2014,Zanzibar,2014-08-23,19:30,20:30,0,Volbeat,,Belgium,Antwerp,Band,,,,b3e73938-5249-4d47-9db4-5edabbbb8c95
Fauve,2014,Zanzibar,2014-08-23,21:30,22:40,0,,,France,Paris,Band,,,,f9e318ec-3c3f-4f20-9b37-d7bab24224a4
Shaka Ponk,2014,Zanzibar,2014-08-23,23:50,01:20,0,,,France,Paris,Band,,,,50bb66d4-63d1-4483-afbc-dc8993d76cbd
Thee Oh Sees,2014,Zanzibar,2014-08-24,17:00,18:00,0,,,United States,San Francisco,Band,,,,
Kaiser Chiefs,2014,Zanzibar,2014-08-24,18:50,20:00,0,,,United Kingdom,Leeds,Band,,,,90218af4-4d58-4821-8d41-2ee295ebbe21
Patrice,2014,Zanzibar,2014-08-24,21:00,22:00,0,Gaëtan Roussel,,Germany,Kerpen,Person,,,,826dc91a-6dd3-4279-ae8d-bb710db646bb
Gaëtan Roussel,2014,,,,,1,,,France,Rodez,Person,,,,3e2c4afa-36a0-4955-a5b2-7cf3949e038e
Volbeat,2014,,,,,1,,,Denmark,Copenhagen,Band,,,,4753fcb7-9270-493a-974d-8daca4e49125
King Shone,2015,Temps Des Cerises,2015-08-20,18:30,22:30,0,,Raspect Crew,Serbia,Pancevo,Person,,,,
Mattbrass,2015,Temps Des Cerises,2015-08-20,18:30,22:30,0,,Raspect Crew,,,Person,,,,
Mighty Max,2015,Temps Des Cerises,2015-08-20,18:30,22:30,0,,Raspect Crew,Belgium,Brussels,Person,,,,
Asher Selector,2015,Temps Des Cerises,2015-08-20,18:30,22:30,0,,,Switzerland,Geneva,Person,,,,
Electro Userz,2015,Temps Des Cerises,2015-08-20,22:30,02:30,0,,Nick Lange / Skymat / D-Jinks / Mheed / Marco Gayo,France,Ardennes,Band,,,,
King Shone,2015,Temps Des Cerises,2015-08-21,14:30,19:30,0,,,Serbia,Pancevo,Person,,,,
Ulysse,2015,Temps Des Cerises,2015-08-21,14:30,19:30,0,,,,Unknown,Person,,,,806d8250-fdbd-4aff-97ed-3d136b044ecf
Asher Selector,2015,Temps Des Cerises,2015-08-21,14:30,19:30,0,,,Switzerland,Geneva,Person,,,,
King Shone,2015,Temps Des Cerises,2015-08-21,14:30,19:30,0,,Raspect Crew,Serbia,Pancevo,Person,,,,
Ulysse,2015,Temps Des Cerises,2015-08-21,14:30,19:30,0,,Raspect Crew,,Unknown,Person,,,,806d8250-fdbd-4aff-97ed-3d136b044ecf
Mattbrass,2015,Temps Des Cerises,2015-08-21,14:30,19:30,0,,Raspect Crew,,,Person,,,,
Boogie nights,2015,Temps Des Cerises,2015-08-21,19:30,23:00,0,,,Unknown,Unknown,Band,,,,
Murkage,2015,Temps Des Cerises,2015-08-21,23:00,02:30,0,,Murkage / DJ Klepto / Murkage Dave / Gaika / Mista Silva / Phaze One / Acropolis Sound / Mvson / Oscar Worldpeace / Ralph Hardy / Fallacy / G2 / Perfect Hand Crew,United Kingdom,London,Band,,,,c6b645f1-140d-4c37-8391-4edb6131f0a5
Son Lux,2015,Illuminations,2015-08-20,19:30,20:30,0,,,United States,New York,Band,,,,afcd292c-3c1e-4708-af4a-991aadf957e4
Benjamin Clementine,2015,Illuminations,2015-08-20,21:15,22:15,0,,,United Kingdom,London,Person,,,,578e5d1c-be21-4158-b147-30aad67f207d
Shamir,2015,Illuminations,2015-08-20,23:10,00:10,0,,,United States,Las Vegas,Person,,,,44265511-306b-438d-940a-8fb07fba2d88
Fuzz,2015,Illuminations,2015-08-20,00:20,01:20,0,,,United States,Los Angeles,Band,,,,1625819f-79d7-4787-b2fb-0e0c260bac85
Gramatik,2015,Illuminations,2015-08-20,01:40,02:40,0,,,Slovenia,Ljubljana,Person,,,,9b62a8a3-fcd5-4b51-a970-0f08a440ed6d
A-VOX,2015,Illuminations,2015-08-21,15:40,16:20,0,,,France,Les Mazures,Band,,,,
Black Industrie,2015,Illuminations,2015-08-21,17:20,18:00,0,,,France,Reims,Band,,,,
Wand,2015,Illuminations,2015-08-21,19:10,20:10,0,,,United States,Los Angeles,Band,,,,5dc7b78d-7777-4dd7-87e2-fbe9f42f7e42
Dan Deacon,2015,Illuminations,2015-08-21,21:10,22:10,0,,,United States,Baltimore,Person,,,,8dd73d1a-0424-4581-af8c-ade3edb44c5a
Zeds Dead,2015,Illuminations,2015-08-21,23:10,00:10,0,,,Canada,Toronto,Band,,,,f9fdca15-1bef-43a0-8213-758b6ee0aa91
Lido,2015,Illuminations,2015-08-21,00:40,01:30,0,,,Norway,Tysvær,Person,,,,f2e33434-ec54-4983-a05b-5b15cb3a3a49
Mr Oizo,2015,Illuminations,2015-08-21,01:40,02:40,0,,,France,Paris,Person,,,,
Brothers,2015,Illuminations,2015-08-22,15:50,16:30,0,,,France,Reims,Band,,,,
Muddy Jack,2015,Illuminations,2015-08-22,17:20,18:00,0,,,France,Charleville-Mézières,Band,,,,
Rouge Congo,2015,Illuminations,2015-08-22,19:00,19:50,0,,,France,Reims,Band,,,,71580466-2dd4-491f-92b3-37ec0d8b69d4
Algiers,2015,Illuminations,2015-08-22,20:50,21:50,0,,,United States,London,Band,,,,258e8672-1db1-469a-a505-00a42aaf0973
Rone,2015,Illuminations,2015-08-22,23:10,00:10,0,,,France,Paris,Person,,,,5fb94de9-6534-48e8-acd7-ee81f8604432
Skepta,2015,Illuminations,2015-08-22,00:50,01:30,0,,,United Kingdom,Tottenham,Person,,,,38474d18-9204-4f60-a137-1fcc6750b869
Vandal,2015,Illuminations,2015-08-22,01:30,02:30,0,,,United Kingdom,Bristol,Person,,,,7ef13ce7-d278-4d46-81c9-4919782cd4a0
Amélie McCandless,2015,Illuminations,2015-08-23,15:50,16:30,0,,,France,Reims,Person,,,,
Sens Unique,2015,Illuminations,2015-08-23,17:20,18:00,0,,,France,,Band,,,,1a9b35a0-8e43-4352-86a2-cf27e71c28ca
Tyler The Creator,2015,Illuminations,2015-08-23,19:00,20:00,0,,,United States,Los Angeles,Person,,,,
Fakear,2015,Illuminations,2015-08-23,21:30,22:30,0,,,France,Caen,Person,,,,7c707d22-1c9c-4e72-bc8d-640baa5e2ba5
Slaves,2015,Zanzibar,2015-08-20,18:25,19:25,0,,,South Africa,Chatham,Band,,,,3ae5884b-716a-4e4b-933e-0442017c2661
Étienne Daho,2015,Zanzibar,2015-08-20,20:20,21:30,0,,,France,Rennes,Person,,,,1e0de31c-4957-4649-9aa3-7b0f1d9d2c84
Christine and the Queens,2015,Zanzibar,2015-08-20,22:15,23:30,0,,,France,Nantes,Person,,,,9c90ffbf-b137-4dee-bfcc-b8010787840d
Paul Kalkbrenner,2015,Zanzibar,2015-08-20,00:15,01:45,0,,,Germany,Berlin,Person,,,,a5f92d47-b562-4582-b267-71963a515f4c
The Toy Dolls,2015,Zanzibar,2015-08-21,16:20,17:20,0,,,United Kingdom,Sunderland,Band,,,,c1c10a2a-241a-403a-a020-61545f31d374
Jurassic 5,2015,Zanzibar,2015-08-21,18:00,19:10,0,,,United States,Los Angeles,Band,,,,11c6b106-1c1f-429d-8407-b1ee155d7f72
The Shoes,2015,Zanzibar,2015-08-21,20:10,21:10,0,,,Netherlands,Zoeterwoude,Band,,,,f527fc42-5905-4f48-976f-717080455ff9
Ratatat,2015,Zanzibar,2015-08-21,22:00,23:10,0,,,United States,Brooklyn,Band,,,,f467181e-d5e0-4285-b47e-e853dcc89ee7
The Chemical Brothers,2015,Zanzibar,2015-08-21,00:10,01:40,0,,,United Kingdom,Manchester,Band,,,,1946a82a-f927-40c2-8235-38d64f50d043
Drenge,2015,Zanzibar,2015-08-22,16:30,17:20,0,,,United Kingdom,Castleton,Band,,,,b7f40a7c-0b93-45ad-9ae3-3bf6e28e9dd4
John Butler Trio,2015,Zanzibar,2015-08-22,18:00,19:00,0,,,Australia,Perth,Band,,,,7952b266-9fd4-4a09-a324-7dc84f11b5fc
Jungle,2015,Zanzibar,2015-08-22,19:50,20:50,0,,,United Kingdom,London,Band,,,,6bbb3983-ce8a-4971-96e0-7cae73268fc4
Selah Sue,2015,Zanzibar,2015-08-22,21:50,23:10,0,,,Belgium,Louvain,Person,,,,fefeb63b-9430-4fe8-a332-0c400351af50
Limp Bizkit,2015,Zanzibar,2015-08-22,00:10,01:20,0,,,United States,Jacksonville,Band,,,,8f9d6bb2-dba4-4cca-9967-cc02b9f4820c
Puts Marie,2015,Zanzibar,2015-08-23,16:30,17:20,0,,,Switzerland,Biel,Band,,,,77b040f6-2fbd-4210-b395-8057731cbd91
"Kitty, Daisy and Lewis",2015,Zanzibar,2015-08-23,18:00,19:00,0,,,United Kingdom,London,Band,,,,
Hubert-Félix Thiéfaine,2015,Zanzibar,2015-08-23,20:00,21:40,0,,,France,Dole - Jura,Person,,,,29e9c7d7-e79a-41d5-a255-c19ff04d5065
Mastodon,2015,,,,,1,,,United States,Atlanta,Band,,,,bc5e2ad6-0a4a-4d90-b911-e9a7e6861727
Raspect Crew,2016,Temps Des Cerises,2016-08-25,17:00,18:30,0,,,Various,Various,Band,,,,
Asher Selector,2016,Temps Des Cerises,2016-08-25,17:00,18:30,0,,,Switzerland,Geneva,Person,,,,
Back In Time,2016,Temps Des Cerises,2016-08-25,18:30,22:10,0,,Ladybird / Deeper Digger / Tempo / Precious Oldies,France,Reims,Band,,,,4e45a7d3-08bd-4cbf-af77-3292ba22d942
Blues Party,2016,Temps Des Cerises,2016-08-25,22:10,02:15,0,,Raspect Crew,France,Paris,Band,,,,
Dreadlocks Sound,2016,Temps Des Cerises,2016-08-25,22:10,02:15,0,,Raspect Crew,,,,,,,
Sokha Selecta,2016,Temps Des Cerises,2016-08-25,22:10,02:15,0,,Raspect Crew,,,Person,,,,
Asher Selector,2016,Temps Des Cerises,2016-08-25,22:10,02:15,0,,,Switzerland,Geneva,Person,,,,
Blues Party,2016,Temps Des Cerises,2016-08-26,14:00,20:00,0,,Raspect Crew,France,Paris,Band,,,,
T-Zion,2016,Temps Des Cerises,2016-08-26,14:00,20:00,0,,Raspect Crew,France,Nancy,Person,,,,
Mighty Max,2016,Temps Des Cerises,2016-08-26,14:00,20:00,0,,Raspect Crew,Belgium,Brussels,Person,,,,
Asher Selector,2016,Temps Des Cerises,2016-08-26,14:00,20:00,0,,,Switzerland,Geneva,Person,,,,
Back In Time,2016,Temps Des Cerises,2016-08-26,19:00,23:00,0,,Ladybird / Deeper Digger / Tempo / Precious Oldies,France,Reims,Band,,,,4e45a7d3-08bd-4cbf-af77-3292ba22d942
Popcorn Party,2016,Temps Des Cerises,2016-08-26,23:00,00:30,0,,,France,Dijon,Band,,,,
Perfect Hand Crew,2016,Temps Des Cerises,2016-08-26,00:30,02:30,0,,,France,Montpellier,Band,,,,efaade28-815b-4e15-83e6-589e581710b3
Raspect Crew,2016,Temps Des Cerises,2016-08-27,14:00,16:00,0,,,Various,Various,Band,,,,
Asher Selector,2016,Temps Des Cerises,2016-08-27,14:00,16:00,0,,,Switzerland,Geneva,Person,,,,
Back In Time,2016,Temps Des Cerises,2016-08-27,16:00,20:00,0,,Ladybird / Deeper Digger / Tempo / Precious Oldies,France,Reims,Band,,,,4e45a7d3-08bd-4cbf-af77-3292ba22d942
Irie Crew,2016,Temps Des Cerises,2016-08-27,20:00,23:00,0,,Raspect Crew,Belgium,Brussels,Band,,,,
Mr Loic,2016,Temps Des Cerises,2016-08-27,20:00,23:00,0,,Raspect Crew,,,,,,,
Dreadlocks Sound,2016,Temps Des Cerises,2016-08-27,20:00,23:00,0,,Raspect Crew,,,,,,,
Sokha Selecta,2016,Temps Des Cerises,2016-08-27,20:00,23:00,0,,Raspect Crew,,,Person,,,,
Asher Selector,2016,Temps Des Cerises,2016-08-27,20:00,23:00,0,,,Switzerland,Geneva,Person,,,,
Dabeull,2016,Temps Des Cerises,2016-08-27,23:00,00:30,0,,,France,Paris,Person,,,,f543ad5c-f165-47bf-bd68-744989828314
Perfect Hand Crew,2016,Temps Des Cerises,2016-08-27,00:30,02:30,0,,,France,Montpellier,Band,,,,efaade28-815b-4e15-83e6-589e581710b3
Raspect Crew,2016,Temps Des Cerises,2016-08-28,14:00,16:00,0,,,Various,Various,Band,,,,
Asher Selector,2016,Temps Des Cerises,2016-08-28,14:00,16:00,0,,,Switzerland,Geneva,Person,,,,
Back In Time,2016,Temps Des Cerises,2016-08-28,16:00,18:00,0,,Ladybird / Deeper Digger / Tempo / Precious Oldies,France,Reims,Band,,,,4e45a7d3-08bd-4cbf-af77-3292ba22d942
Orchid Club,2016,Temps Des Cerises,2016-08-28,18:20,19:00,0,,,France,Charleville-Mézières,Band,,,,cf407cfa-654b-4174-990a-9bebac056006
Back In Time,2016,Temps Des Cerises,2016-08-28,19:30,22:30,0,,Ladybird / Deeper Digger / Tempo / Precious Oldies,France,Reims,Band,,,,4e45a7d3-08bd-4cbf-af77-3292ba22d942
Highly Suspect,2016,Illuminations,2016-08-25,18:00,18:50,0,,,United States,"Plymout, Massachusetts",Band,,,,afd55c72-d123-4237-9818-fa3ce634b3dd
King Gizzard & the Lizard Wizard,2016,Illuminations,2016-08-25,19:40,20:30,0,,,Australia,Melbourne,Band,,,,f58384a4-2ad2-4f24-89c5-c7b74ae1cce7
The Internet,2016,Illuminations,2016-08-25,21:30,22:30,0,,,United States,Los Angeles,Band,,,,45804465-4271-4e6a-b881-ce668ef09530
Seratones,2016,Illuminations,2016-08-25,23:00,23:40,0,,,United States,Shreveport,Band,,,,19168b28-e876-4f17-83ef-e01475e2f1ae
Fat White Family,2016,Illuminations,2016-08-25,00:00,00:50,0,,,United Kingdom,Streatham,Band,,,,0935da47-cf41-4aa1-a91a-850ced520454
Anderson .Paak / The Free Nationals,2016,Illuminations,2016-08-25,01:30,02:30,0,,,United States,Oxnard,Band,,,,
We are shadows,2016,Illuminations,2016-08-26,15:30,16:10,0,,,France,Charleville-Mézières,Band,,,,d21268a0-7711-497b-a5f5-45f8b8de5699
Yeti Lane,2016,Illuminations,2016-08-26,17:10,17:50,0,,,France,Paris,Band,,,,5049e149-1344-47ba-8444-0afddcd3b744
Grandaddy,2016,Illuminations,2016-08-26,18:40,19:40,0,,,United States,Modesto,Band,,,,9d4c4835-c71a-4647-a4fc-263e26832cd0
Sharon Jones / The Dap Kings,2016,Illuminations,2016-08-26,20:40,21:40,0,,,United States,Brooklyn,Band,,,,
L7,2016,Illuminations,2016-08-26,22:10,23:00,0,,,United States,Los Angeles,Band,,,,57111f1f-9829-45ea-bb4e-a5aba37cd1d1
Bibi Bourelly,2016,Illuminations,2016-08-26,23:20,00:10,0,,,United States,Berlin,Person,,,,92955cd0-0dc7-4be4-90b6-5d69fd299e8c
Jacques,2016,Illuminations,2016-08-26,00:40,01:30,0,,,France,Strasbourg,Person,,,,
Comah,2016,Illuminations,2016-08-26,01:30,02:30,0,,,France,Annecy,Band,,,,bc933db0-0780-4d35-896a-8ef9d8b0ec6b
Judy,2016,Illuminations,2016-08-27,15:30,16:10,0,,,France,Reims,Band,,,,
Grand Morse,2016,Illuminations,2016-08-27,17:00,17:40,0,,,France,Reims,Band,,,,
MHD,2016,Illuminations,2016-08-27,18:30,19:20,0,,,France,Paris,Person,,,,923b5d99-4020-40d8-9db5-1390986bb4cf
Miike Snow,2016,Illuminations,2016-08-27,20:20,21:20,0,,,Sweden,Stockholm,Band,,,,
Black Bones,2016,Illuminations,2016-08-27,22:20,23:00,0,,,France,Reims,Band,,,,51c6469b-48bf-4040-b77e-c097fbb1cf0a
Club Cheval,2016,Illuminations,2016-08-27,23:30,00:30,0,,,France,Paris,Band,,,,5cf7e993-8256-442d-9528-1692f7477008
Molecule,2016,Illuminations,2016-08-27,00:50,01:50,0,,,France,Grenoble,Person,,,,319a4533-5cde-4029-bf31-b20c60f0d8f7
Torb,2016,Illuminations,2016-08-27,01:50,02:40,0,,,France,Paris,Band,,,,98751506-a4d6-44ec-8c73-b54cd6237bb7
Paulette Wright,2016,Illuminations,2016-08-28,15:50,16:30,0,,,France,Reims,Person,,,,f4173f3a-9e5c-44c6-bb58-e3ffc9cb57c7
Grand Blanc,2016,Illuminations,2016-08-28,17:30,18:20,0,,,France,Metz,Band,,,,447fd846-a683-46f2-aa9d-6e5fb45c6632
Soom T,2016,Illuminations,2016-08-28,19:20,20:10,0,,,United Kingdom,Glasgow,Person,,,,79d371a3-e6dc-449c-9c7c-1980b9bb679e
Breakbot,2016,Illuminations,2016-08-28,21:30,22:30,0,,,France,Paris,Person,,,,64c9974f-20a9-491d-bd94-2168cd738e2a
Damian Marley,2016,Zanzibar,2016-08-25,18:40,19:40,0,,,Jamaica,Kingston,Person,,,,
The Brian Jonestown Massacre,2016,Zanzibar,2016-08-25,20:30,21:30,0,,,United States,San Francisco,Band,,,,381e8434-109a-439c-8acc-5d328359f2e0
Indochine,2016,Zanzibar,2016-08-25,22:30,00:00,0,,,France,Paris,Band,,,,076caf66-1bb1-4486-8f46-910c83441eab
M83,2016,Zanzibar,2016-08-25,00:50,01:50,0,,,France,Antibes,Band,,,,6d7b7cd4-254b-4c25-83f6-dd20f98ceacd
Mastodon,2016,Zanzibar,2016-08-26,16:10,17:10,0,,,United States,Atlanta,Band,,,,bc5e2ad6-0a4a-4d90-b911-e9a7e6861727
Wolfmother,2016,Zanzibar,2016-08-26,17:50,18:50,0,,,Australia,Sydney,Band,,,,f0c8f75f-8736-4b1d-b312-9349fcff321d
Nas,2016,Zanzibar,2016-08-26,19:40,20:40,0,,,United States,Queensbridge,Person,,,,cfbc0924-0035-4d6c-8197-f024653af823
Louise Attaque,2016,Zanzibar,2016-08-26,21:50,23:20,0,,,France,Paris,Band,,,,04d25080-32e2-49a2-b638-c9ca4f3e12bd
Nekfeu,2016,Zanzibar,2016-08-26,00:10,01:10,0,,,France,La Trinité,Person,,,,d721866d-5640-44ee-87f7-23dd062abd8a
The Inspector Cluzo,2016,Zanzibar,2016-08-27,16:10,17:00,0,,,France,Mont-de-Marsan,Band,,,,791564ac-90f2-409e-b623-eef85c721ef4
Mass Hysteria,2016,Zanzibar,2016-08-27,17:40,18:30,0,,,France,Paris - Paris,Band,,,,38a35139-7ef9-44e1-a565-e1018b4a7635
Jake Bugg,2016,Zanzibar,2016-08-27,19:20,20:20,0,,,United Kingdom,Clifton,Person,,,,0d9905e6-add6-4713-94ca-9f686f9b5e9b
Sum 41,2016,Zanzibar,2016-08-27,21:20,22:20,0,,,Canada,Ajax,Band,,,,f2eef649-a6d5-4114-afba-e50ab26254d2
Bloc Party,2016,Zanzibar,2016-08-27,23:00,00:00,0,,,United Kingdom,London,Band,,,,8c538f11-c141-4588-8ecb-931083524186
Cassius,2016,Zanzibar,2016-08-27,00:40,01:50,0,,,France,Paris,Band,,,,256160e8-37fd-4f8c-a3ef-530ebbaa4b3d
Songhoy Blues,2016,Zanzibar,2016-08-28,16:30,17:30,0,,,Mali,Gao,Band,,,,acc25e07-3392-437a-b409-ed73b47f3d59
Feu! Chatterton,2016,Zanzibar,2016-08-28,18:20,19:20,0,,,France,Paris,Band,,,,b1eac47e-77b5-4f5c-ae33-442c07182278
Arno,2016,Zanzibar,2016-08-28,20:10,21:30,0,,,Belgium,Oostende,Person,,,,03a82b66-d021-4754-aca2-399d51ee6199
Eagles of Death Metal,2016,,,,,1,,,United States,Palm Desert,Band,,,,de11b037-d880-40e0-8901-0397c768c457
Kilo Alpha,2017,Temps Des Cerises,2017-08-24,17:30,22:00,0,,Raspect Crew,,,,,,,
King Shone,2017,Temps Des Cerises,2017-08-24,17:30,22:00,0,,Raspect Crew,Serbia,Pancevo,Person,,,,
Ridersound,2017,Temps Des Cerises,2017-08-24,17:30,22:00,0,,Raspect Crew,,,,,,,
Ossie Gad,2017,Temps Des Cerises,2017-08-24,17:30,22:00,0,,Raspect Crew,United Kingdom,Nottingham,Person,,,,322f7383-2491-4b45-ac03-de0ecfd35d6a
Natural Ites,2017,Temps Des Cerises,2017-08-24,17:30,22:00,0,,Raspect Crew,United Kingdom,Nottingham,Band,,,,aa6d21bc-e99f-4e34-9c0d-46291d6faaf8
Asher Selector,2017,Temps Des Cerises,2017-08-24,17:30,22:00,0,,,Switzerland,Geneva,Person,,,,
Back In Time,2017,Temps Des Cerises,2017-08-24,22:00,02:00,0,,,France,Reims,Band,,,,4e45a7d3-08bd-4cbf-af77-3292ba22d942
Popcorn Party,2017,Temps Des Cerises,2017-08-25,14:30,18:30,0,,,France,Dijon,Band,,,,
Kilo Alpha,2017,Temps Des Cerises,2017-08-25,18:30,22:00,0,,Raspect Crew,,,,,,,
King Shone,2017,Temps Des Cerises,2017-08-25,18:30,22:00,0,,Raspect Crew,Serbia,Pancevo,Person,,,,
Ridersound,2017,Temps Des Cerises,2017-08-25,18:30,22:00,0,,Raspect Crew,,,,,,,
Ossie Gad,2017,Temps Des Cerises,2017-08-25,18:30,22:00,0,,Raspect Crew,United Kingdom,Nottingham,Person,,,,322f7383-2491-4b45-ac03-de0ecfd35d6a
Natural Ites,2017,Temps Des Cerises,2017-08-25,18:30,22:00,0,,Raspect Crew,United Kingdom,Nottingham,Band,,,,aa6d21bc-e99f-4e34-9c0d-46291d6faaf8
Asher Selector,2017,Temps Des Cerises,2017-08-25,18:30,22:00,0,,,Switzerland,Geneva,Person,,,,
Popcorn Party,2017,Temps Des Cerises,2017-08-25,22:00,02:00,0,,,France,Dijon,Band,,,,
Popcorn Party,2017,Temps Des Cerises,2017-08-26,14:30,18:30,0,,,France,Dijon,Band,,,,
Kilo Alpha,2017,Temps Des Cerises,2017-08-26,18:30,22:00,0,,Raspect Crew,,,,,,,
King Shone,2017,Temps Des Cerises,2017-08-26,18:30,22:00,0,,Raspect Crew,Serbia,Pancevo,Person,,,,
Ridersound,2017,Temps Des Cerises,2017-08-26,18:30,22:00,0,,Raspect Crew,,,,,,,
Ossie Gad,2017,Temps Des Cerises,2017-08-26,18:30,22:00,0,,Raspect Crew,United Kingdom,Nottingham,Person,,,,322f7383-2491-4b45-ac03-de0ecfd35d6a
Natural Ites,2017,Temps Des Cerises,2017-08-26,18:30,22:00,0,,Raspect Crew,United Kingdom,Nottingham,Band,,,,aa6d21bc-e99f-4e34-9c0d-46291d6faaf8
Asher Selector,2017,Temps Des Cerises,2017-08-26,18:30,22:00,0,,,Switzerland,Geneva,Person,,,,
Popcorn Party,2017,Temps Des Cerises,2017-08-26,22:00,02:00,0,,,France,Dijon,Band,,,,
Radio Meuh,2017,Temps Des Cerises,2017-08-26,22:00,02:00,0,,,France,La Clusaz,Band,,,,
Kilo Alpha,2017,Temps Des Cerises,2017-08-27,14:30,18:30,0,,Raspect Crew,,,,,,,
King Shone,2017,Temps Des Cerises,2017-08-27,14:30,18:30,0,,Raspect Crew,Serbia,Pancevo,Person,,,,
Ridersound,2017,Temps Des Cerises,2017-08-27,14:30,18:30,0,,Raspect Crew,,,,,,,
Ossie Gad,2017,Temps Des Cerises,2017-08-27,14:30,18:30,0,,Raspect Crew,United Kingdom,Nottingham,Person,,,,322f7383-2491-4b45-ac03-de0ecfd35d6a
Natural Ites,2017,Temps Des Cerises,2017-08-27,14:30,18:30,0,,Raspect Crew,United Kingdom,Nottingham,Band,,,,aa6d21bc-e99f-4e34-9c0d-46291d6faaf8
Asher Selector,2017,Temps Des Cerises,2017-08-27,14:30,18:30,0,,,Switzerland,Geneva,Person,,,,
Back In Time,2017,Temps Des Cerises,2017-08-27,18:30,22:30,0,,,France,Reims,Band,,,,4e45a7d3-08bd-4cbf-af77-3292ba22d942
Grindi Mandberg,2017,Illuminations,2017-08-24,18:50,19:30,0,,,France,Reims,Band,,,,
The Orwells,2017,Illuminations,2017-08-24,20:20,21:10,0,,,United States,Elmhurst,Band,,,,11375302-8f1d-421c-ad0d-172c9d815631
Chronixx,2017,Illuminations,2017-08-24,22:00,23:00,0,,,Jamaica,Kingston,Person,,,,0de2154a-6c01-4cd6-8795-78d21211d6e6
Cashmere Cat,2017,Illuminations,2017-08-24,23:50,00:50,0,,,Norway,Halden,Person,,,,8fbcd70f-bf1e-4624-b94a-fcff6b0c637e
Death Grips,2017,Illuminations,2017-08-24,01:10,02:10,0,,,United States,Sacramento,Band,,,,f9133036-ab3d-4e97-bd11-7a2c98ad148a
Stories...,2017,Illuminations,2017-08-25,15:30,16:10,0,,,France,Charleville-Mézières,Bande,,,,
Goat Girl,2017,Illuminations,2017-08-25,17:00,17:50,0,,,United Kingdom,London,Band,,,,29a2e15e-b14f-42ca-8f65-d52479872452
Parquet Courts,2017,Illuminations,2017-08-25,18:30,19:30,0,,,United States,Brooklyn,Band,,,,e01755e3-58ab-4a5b-a9e9-a0a3bd3dff4c
Ty Segall,2017,Illuminations,2017-08-25,20:20,21:20,0,,,United States,Laguna Beach,Person,,,,07a17571-81fc-4cf8-a634-98f0d926d313
Band of Horses,2017,Illuminations,2017-08-25,21:50,22:50,0,,,United States,Seattle,Band,,,,07b6020a-c539-4d68-aeef-f159f3befc76
Denzel Curry,2017,Illuminations,2017-08-25,23:40,00:30,0,,,United States,Carol City,Person,,,,5f95440d-7737-4a36-9bcf-c05337f7129b
Carpenter Brut,2017,Illuminations,2017-08-25,01:30,02:30,0,,,France,Poitiers,Person,,,,303abdee-ffca-4685-a582-6aaaefd81b01
T/O,2017,Illuminations,2017-08-26,15:30,16:10,0,,,France,Strasbourg,Person,,,,
Underdog Effect,2017,Illuminations,2017-08-26,17:00,17:40,0,,,France,Reims,Band,,,,
Last Train,2017,Illuminations,2017-08-26,18:30,19:20,0,,,France,Altenach,Band,,,,4f527225-898d-4789-9868-697bcfd3b60b
Fishbach,2017,Illuminations,2017-08-26,20:20,21:10,0,,,France,Charleville-Mézières,Person,,,,
Alb,2017,Illuminations,2017-08-26,22:20,23:20,0,,,France,Reims,Band,,,,1ff22e1f-ee54-414b-8fa9-b1f8b6571fc3
The Blaze,2017,Illuminations,2017-08-26,00:30,01:20,0,,,France,Paris,Band,,,,d18a2838-05fa-4e4e-bbb5-284a4cfb13f5
Panda Dub,2017,Illuminations,2017-08-26,01:40,02:40,0,,,France,Lyon,Person,,,,08557f73-6b1c-4281-ad93-ffa660f5b266
The Yokel,2017,Illuminations,2017-08-27,15:50,16:30,0,,,France,Metz,Band,,,,5ed1a583-5c5e-407a-94d8-fa69e18d83f1
Pire Mastaa,2017,Illuminations,2017-08-27,17:30,18:10,0,,,France,Reims,Person,,,,4ec0d002-ee80-4ef0-a112-0dc5e541b1f8
FKJ,2017,Illuminations,2017-08-27,19:10,20:10,0,,,France,Tours,Person,,,,8ef74994-73f6-459c-a10c-56a16e07b362
Petit Biscuit,2017,Illuminations,2017-08-27,21:30,22:30,0,,,France,Rouen,Person,,,,30ae6581-15ec-407b-b192-5f7b7ea214b2
Mondo Cozmo,2017,Zanzibar,2017-08-24,19:30,20:20,0,,,United States,Philadelphia,Person,,,,9c8cbbb3-aa96-41f3-8e52-3c238c944ad4
London Grammar,2017,Zanzibar,2017-08-24,21:10,22:10,0,,,United Kingdom,Nottingham,Band,,,,4dbe08c1-b40a-43b3-ab89-210000bd8ab2
Cypress Hill,2017,Zanzibar,2017-08-24,22:50,00:00,0,,,United States,South Gate,Band,,,,51508c1f-8d07-4a00-9cf1-26c570fe7b78
Flume,2017,Zanzibar,2017-08-24,00:50,01:50,0,,,Australia,Sydney,Person,,,,35fd8d42-b4a6-4414-9827-8766bd0daa3c
Dirty Deep,2017,Zanzibar,2017-08-25,16:10,17:00,0,,,France,Strasbourg,Band,,,,ffaf50da-cf56-4a31-8995-eda274c14675
Turbonegro,2017,Zanzibar,2017-08-25,17:50,18:50,0,,,Norway,Oslo,Band,,,,
The Kills,2017,Zanzibar,2017-08-25,19:20,20:20,0,,,United Kingdom,London,Band,,,,2c629b8c-d751-4131-b785-5690bb5e0fd7
Jain,2017,Zanzibar,2017-08-25,20:50,22:00,0,,,France,Toulouse,Person,,,,0e6dffeb-bda0-4eb1-9567-2ac9306a516d
Korn,2017,Zanzibar,2017-08-25,22:30,23:40,0,,,United States,Bakersfield,Band,,,,
Soulwax,2017,Zanzibar,2017-08-25,00:30,01:30,0,,,Belgium,Ghent,Band,,,,68ec1b08-3c2e-40b3-b0af-8f323743fdff
Yassassin,2017,Zanzibar,2017-08-26,16:10,17:00,0,,,United Kingdom,London,Band,,,,07acb0d2-841e-4d89-b5c1-4d2a2491318e
Allah-Las,2017,Zanzibar,2017-08-26,17:40,18:30,0,,,United States,Los Angeles,Band,,,,cfd1fdcc-3c1d-4854-a500-31d96a6d5184
The Lemon Twigs,2017,Zanzibar,2017-08-26,19:20,20:20,0,,,United States,Long Island,Band,,,,f32d94e8-8d55-4ee2-9077-53d1c024a03b
Franz Ferdinand,2017,Zanzibar,2017-08-26,21:10,22:20,0,,,United Kingdom,Glasgow,Band,,,,aa7a2827-f74b-473c-bd79-03d065835cf7
Justice,2017,Zanzibar,2017-08-26,23:20,00:35,0,,,France,Paris,Band,,,,860b2707-6153-4e3a-aa57-74d2b42c55b5
Vald,2017,Zanzibar,2017-08-26,01:10,02:10,0,,,France,Bourg-En-Bresse,Person,,,,062ab94e-b7a5-47a9-b3f4-cc1750c3f859
Declan McKenna,2017,Zanzibar,2017-08-27,16:30,17:20,0,,,United Kingdom,Chesthunt,Person,,,,8b98035f-fbd2-4fb3-9c2f-263c7506680d
Kate Tempest,2017,Zanzibar,2017-08-27,18:10,19:10,0,,,United Kingdom,London,Person,,,,
Catherine Ringer,2017,Zanzibar,2017-08-27,20:10,21:30,0,,,France,Boulogne-Billancourt,Person,,,,4912212f-1b27-4b65-9d4d-bf6df4963272
Raspect Crew,2018,Greenfloor,2018-08-23,17:30,19:30,0,,,Various,Various,Band,,,,
Asher Selector,2018,Greenfloor,2018-08-23,17:30,19:30,0,,,Switzerland,Geneva,Person,,,,
Joh Erba,2018,Greenfloor,2018-08-23,19:30,21:00,0,,,Switzerland,Lausanne,Person,,,,
Popcorn Party,2018,Greenfloor,2018-08-23,19:30,21:00,0,,,France,Dijon,Band,,,,
Darius,2018,Greenfloor,2018-08-23,21:45,23:00,0,,,France,Bordeaux,Person,,,,e2c9cdf1-3488-49bd-bac3-f92be1891800
Helena Hauff,2018,Greenfloor,2018-08-23,23:00,00:30,0,,,Germany,Hamburg,Person,,,,de6e9f8f-56ef-4697-9090-20a63c2b4d7b
Amélie Lens,2018,Greenfloor,2018-08-23,00:30,02:00,0,,,Belgium,Antwerp,Person,,,,
Raspect Crew,2018,Greenfloor,2018-08-24,14:40,16:00,0,,,Various,Various,Band,,,,
Asher Selector,2018,Greenfloor,2018-08-24,14:40,16:00,0,,,Switzerland,Geneva,Person,,,,
Bonaventure & Dieumerci,2018,Greenfloor,2018-08-24,16:00,18:00,0,,,France,Charleville-Mézières - Ardennes,Band,,,,
Joh Erba,2018,Greenfloor,2018-08-24,18:00,20:30,0,,,Switzerland,Lausanne,Person,,,,
Popcorn Party,2018,Greenfloor,2018-08-24,18:00,20:30,0,,,France,Dijon,Band,,,,
Jarami,2018,Greenfloor,2018-08-24,20:30,22:00,0,,,Sweden,Stockholm,Band,,,,a2ba01ec-a8b8-4ba8-a2b0-e6b3de975281
Contrefaçon,2018,Greenfloor,2018-08-24,22:00,23:30,0,,,France,Paris,Band,,,,f75a9f1e-4df7-484e-804f-585eb5ea3b23
Felix da Housecat,2018,Greenfloor,2018-08-24,23:30,01:00,0,,,United States,Chicago,Person,,,,b004d3c7-5402-4034-be67-13eeccc7b1af
Agoria,2018,Greenfloor,2018-08-24,01:00,02:00,0,,Live,France,Lyon,Person,,,,90ba97be-5daf-4365-8704-9a74b780591b
Raspect Crew,2018,Greenfloor,2018-08-23,14:40,17:00,0,,,Various,Various,Band,,,,
Asher Selector,2018,Greenfloor,2018-08-23,14:40,17:00,0,,,Switzerland,Geneva,Person,,,,
Joh Erba,2018,Greenfloor,2018-08-23,17:00,19:00,0,,,Switzerland,Lausanne,Person,,,,
Popcorn Party,2018,Greenfloor,2018-08-23,17:00,19:00,0,,,France,Dijon,Band,,,,
Arnaud Rebotini,2018,Greenfloor,2018-08-25,19:00,20:30,0,,,France,Nancy,Person,,,,9838c84b-5e67-4c1d-97e6-a36d2ca73634
Vladimir Cauchemar,2018,Greenfloor,2018-08-25,20:30,21:40,0,,,France,Reims,Person,,,,fb5b5da8-61f3-445e-8e2d-f9873b330b13
Derrick Carter,2018,Greenfloor,2018-08-25,22:00,23:30,0,,,United States,Chicago,Person,,,,46edaad9-80b0-4d05-95cd-aebafb090263
Josh Wink,2018,Greenfloor,2018-08-25,23:30,01:00,0,,,United States,Philadelphia,Person,,,,
Charlotte de Witte,2018,Greenfloor,2018-08-25,01:00,02:30,0,,,Belgium,Ghent,Person,,,,1de4e373-e597-4087-bf3d-256ec597749e
Raspect Crew,2018,Greenfloor,2018-08-26,14:40,17:00,0,,,Various,Various,Band,,,,
Asher Selector,2018,Greenfloor,2818-08-26,14:40,17:00,0,,,Switzerland,Geneva,Person,,,,
Back In Time,2018,Greenfloor,2018-08-26,17:00,21:30,0,,,France,Reims,Band,,,,4e45a7d3-08bd-4cbf-af77-3292ba22d942
Trojan Records,2018,Greenfloor,2018-08-26,21:30,23:00,0,,Raspect Crew,United Kingdom,London,Band,,,,
Asher Selector,2018,Greenfloor,2818-08-26,21:30,23:00,0,,,Switzerland,Geneva,Person,,,,
Trojan Records,2018,Greenfloor,2018-08-26,,,1,,,United Kingdom,London,Band,,,,
SWMRS,2018,Illuminations,2018-08-23,18:30,19:20,0,,,United States,Oakland,Band,,,,e02ea2a6-b58e-4b6c-8538-5b1cf3bf2fe8
METZ,2018,Illuminations,2018-08-23,20:00,21:00,0,,,Canada,Toronto,Band,,,,449c400c-8312-4c1d-bed8-c8d774090759
Parcels,2018,Illuminations,2018-08-23,21:50,22:50,0,,,Germany,Berlin,Band,,,,5318e774-f5b6-4ee0-82cb-4dcf398c3ff8
Dillon Francis,2018,Illuminations,2018-08-23,23:40,00:50,0,,,United States,Los Angeles,Person,,,,1c294418-722f-45a3-a24d-910f9b6f1502
Amor Blitz,2018,Illuminations,2018-08-24,15:40,16:20,0,,,France,Strasbourg,Band,,,,ae228d48-738b-4198-9f13-5f0082740d84
Ian Caulfield,2018,Illuminations,2018-08-24,17:10,18:00,0,,,France,Châlons-en-Champagne,Person,,,,
Kevin Morby,2018,Illuminations,2018-08-24,18:40,19:40,0,,,United States,Kansas City,Person,,,,eac962e1-0295-4e69-a266-4dab2adb4f11
Cabbage,2018,Illuminations,2018-08-24,20:40,21:40,0,,,United Kingdom,Manchester,Band,,,,19e16718-2f53-4866-8c34-49cb6c220ba7
The Black Angels,2018,Illuminations,2018-08-24,23:00,00:10,0,,,United States,Austin,Band,,,,49814f71-8fef-41ec-9af8-b6995c0bd601
Brothers,2018,Illuminations,2018-08-24,01:00,01:50,0,,,France,Reims,Band,,,,
Blondstone,2018,Illuminations,2018-08-25,15:30,16:10,0,,,France,Nancy,Band,,,,68deed8a-bce7-4d1d-bc60-33d6bf99aa48
Kikesa,2018,Illuminations,2018-08-25,17:20,18:00,0,,,France,Nancy,Person,,,,
Protomartyr,2018,Illuminations,2018-08-25,19:00,20:00,0,,,United States,Detroit,Band,,,,9efaf639-6332-44b8-94ae-c25896320ca7
The Nude Party,2018,Illuminations,2018-08-25,21:00,21:50,0,,,United States,Boone,Band,,,,3d36bd1f-a551-4b16-9cb5-3e4c68bc5f2a
Hamza,2018,Illuminations,2018-08-25,22:15,23:00,0,,,Belgium,Molenbeek-Saint-Jean,Person,,,,6a2244c9-3122-454e-b83d-b23e2968884e
Moha La Squale,2018,Illuminations,2018-08-25,23:10,00:00,0,,,France,Créteil,Person,,,,2efd739f-b833-44b7-9228-b2c200ac1afa
Jahneration,2018,Zanzibar,2018-08-25,01:10,02:10,0,,,France,Paris,Band,,,,cbef39ea-0915-448d-abb7-cf616514ab7d
Freez,2018,Illuminations,2018-08-26,15:50,16:30,0,,,France,Strasbourg,Band,,,,162451c2-64b9-49aa-9fd3-d5a5e1b92706
The Fat Badgers,2018,Illuminations,2018-08-26,17:30,18:20,0,,,France,Strasbourg,Band,,,,a2900bdb-abdb-487f-9df8-ac85e187366f
Michelle David,2018,Illuminations,2018-08-26,18:50,19:40,0,,,United-States,Winston-Salem,Person,,,,
JD McPherson,2018,Illuminations,2018-08-26,20:10,21:10,0,,,United States,Broken Arrow,Person,,,,84c7cb93-0622-4b90-8d53-ee2b4650097f
Curtis Harding,2018,Illuminations,2018-08-26,22:00,23:10,0,,,United States,Atlanta,Person,,,,3381882a-9e5a-44f9-b383-89759edf1dbd
Biche,2018,Razorback,2018-08-24,18:10,18:50,0,,,France,Yvelines,Band,,,,253d185e-7e09-4471-b616-10bb86529061
Dirty Wolfgang,2018,Razorback,2018-08-24,19:50,20:30,0,,,Belgium,Brussels,Band,,,,3915cf68-0586-4418-8265-a61506a72119
Fontaines D.C.,2018,Razorback,2018-08-24,21:40,22:20,0,,,Ireland,Dublin,Band,,,,fd87acc7-e0a0-4a45-bc2a-d2ab5c10be68
Archie & The Bunkers,2018,Razorback,2018-08-25,17:50,18:30,0,,,United States,Cleveland,Band,,,,
Moaning,2018,Razorback,2018-08-25,19:30,20:10,0,,,United States,Los Angeles,Band,,,,d5d4af51-8c20-45ed-9cc4-f8bbbb28289d
Pogo Car Crash Control,2018,Razorback,2018-08-25,21:20,22:00,0,,,France,Lésigny,Band,,,,6d0155d7-bb0b-4811-b345-7ec29bda8994
Fontaines D.C.,2018,Razorback,2018-08-24,23:00,23:40,0,,,Ireland,Dublin,Band,,,,fd87acc7-e0a0-4a45-bc2a-d2ab5c10be68
Michelle David,2018,Razorback,2018-08-26,16:40,17:30,0,,,United-States,Winston-Salem,Person,,,,
Archie & The Bunkers,2018,Razorback,2018-08-26,19:20,20:10,0,,,United States,Cleveland,Band,,,,
Tomas Schoeffler Jr.,2018,Razorback,2018-08-26,21:10,22:00,0,,,France,Alsace,Person,,,,
Protoje & The Indiggnation,2018,Zanzibar,2018-08-23,19:10,20:10,0,,,Jamaica,Kingston,Band,,,,
Nothing But Thieves,2018,Zanzibar,2018-08-23,21:00,21:50,0,,,United Kingdom,Southend-on-Sea,Band,,,,7e2e4e3a-4e85-4d5a-b78e-5e4afd467a3e
DJ Snake,2018,Zanzibar,2018-08-23,22:30,23:40,0,,,France,Clichy,Person,,,,31445b1e-96f3-4c7f-84ec-dd02e647e690
Travis Scott,2018,Zanzibar,2018-08-23,00:50,02:00,0,,,United States,Houston,Person,,,,e4a51f17-a57b-47b1-b37b-f552d0f8e9e6
DragonForce,2018,Zanzibar,2018-08-24,16:20,17:10,0,,,United Kingdom,London,Band,,,,ef58d4c9-0d40-42ba-bfab-9186c1483edd
Svinkels,2018,Zanzibar,2018-08-24,18:00,18:50,0,,,France,Paris,Band,,,,770d490e-c89b-4775-8508-aca7c75142cd
Seasick Steve,2018,Zanzibar,2018-08-24,19:40,20:40,0,,,United States,Oakland,Person,,,,231ff972-4e8e-4157-95e2-12f963cb478c
Suprême NTM,2018,Zanzibar,2018-08-24,21:40,23:10,0,,,France,Saint-Denis,Band,,,,0135e5ec-4ffd-46e5-9c3c-566b3df46a8d
Damso,2018,Zanzibar,2018-08-24,00:00,01:10,0,,,Belgium,Brussels,Person,,,,71ff695e-896a-4043-aea4-93eadde08d09
Pogo Car Crash Control,2018,Zanzibar,2018-08-25,16:30,17:20,0,,,France,Lésigny,Band,,,,6d0155d7-bb0b-4811-b345-7ec29bda8994
Ron Gallo,2018,Zanzibar,2018-08-25,18:10,19:00,0,,,United States,Nashville,Person,,,,d0acf0a0-d4fe-458f-be0c-efa88198ed7a
IDLES,2018,Zanzibar,2018-08-25,20:00,21:00,0,,,United Kingdom,Bristol,Band,,,,be465d4f-c28d-4ba1-94ab-ebaada7db8af
Phoenix,2018,Zanzibar,2018-08-25,22:00,23:10,0,,,France,Versailles,Band,,,,8d455809-96b3-4bb6-8829-ea4beb580d35
Shaka Ponk,2018,Zanzibar,2018-08-25,00:00,01:10,0,Booba,,France,Paris,Band,,,,50bb66d4-63d1-4483-afbc-dc8993d76cbd
Groundation,2018,Zanzibar,2018-08-26,16:30,17:20,0,,,United States,Sonoma - California,Band,,,,592b9a1b-b900-4c1a-a165-bd7e7ce87d23
Les Négresses Vertes,2018,Zanzibar,2018-08-26,18:20,19:30,0,,,France,Paris,Band,,,,d9968436-64d6-4a33-85e8-7f4fcfa78d63
Feu! Chatterton,2018,Zanzibar,2018-08-26,20:30,21:40,0,Stephan Eicher,,France,Paris,Band,,,,b1eac47e-77b5-4f5c-ae33-442c07182278
Booba,2018,,,,,1,,,France,Boulogne-Billancourt,Person,,,,785c0e9c-89f6-4bf4-8296-443a46632d62
Stephan Eicher,2018,,,,,1,,,Switzerland,Bergün,Person,,,,34101668-3a6e-4fb7-8a8e-8f6130cb9127
Honey Dijon,2018,,,,,1,,,United States,Chicago,Person,,,,740c6238-3f5d-4e63-8836-826ad6c611ab
Djbril Cissé Tcheba,2019,Greenfloor,2019-08-22,20:00,21:00,0,,,France,Arles,Person,,,,
Motor City Drum Ensemble,2019,Greenfloor,2019-08-22,21:00,22:10,0,,,Germany,Stuttgart,Person,,,,0323f501-4b5e-4682-a062-e60f6212f9c3
Maya Jane Coles,2019,Greenfloor,2019-08-22,22:10,23:20,0,,,United Kingdom,London,Person,,,,9a6d2343-6595-4bf2-b3d0-efbbd7a8dfd0
Peggy Gou,2019,Greenfloor,2019-08-22,23:20,00:40,0,,,Germany,Berlin,Person,,,,4c41d78d-9dd5-430d-81ea-286052158293
Di.meh,2019,Greenfloor,2019-08-23,16:30,17:10,0,,,Switzerland,Geneva,Person,,,,
Krisy,2019,Greenfloor,2019-08-23,17:15,17:55,0,,,Belgium,Saint-Josse-ten-Noode,Person,,,,5c1b9ce3-88f0-40cb-8cb2-fe46dd561981
Zola,2019,Greenfloor,2019-08-23,18:00,18:40,0,,,France,Évry-Courcouronnes,Person,,,,3134d99c-a372-424a-9f65-d2dacfdccaba
Todiefor,2019,Greenfloor,2019-08-23,18:40,19:30,0,,,Belgium,Brussels,Person,,,,7c8e4f6b-0c29-4427-aa19-d7795fa13a52
Difracto,2019,Greenfloor,2019-08-23,19:30,20:30,0,,,France,Strasbourg,Person,,,,
Avalon Emerson,2019,Greenfloor,2019-08-23,20:30,21:50,0,,,United States,San Francisco,Person,,,,f91ec397-c4be-4672-8faa-2d2983682b1c
Mall Grab,2019,Greenfloor,2019-08-23,21:50,23:10,0,,,Australia,Sydney,Person,,,,845ddc8b-36ba-4d7b-9c6f-bd7623cd3cac
The Black Madonna,2019,Greenfloor,2019-08-23,22:50,00:30,0,,,United States,Louisville,Person,,,,
Robert Hood,2019,Greenfloor,2019-08-23,00:30,02:00,0,,,United States,Detroit,Person,,,,e8a61400-baf7-4fb3-a3e3-c9e7b665547f
FLOHIO,2019,Greenfloor,2019-08-24,17:30,18:20,0,,,United Kingdom,London,Person,,,,0340c513-506a-4c50-a9a8-2132837a0c80
Fishbach,2019,Greenfloor,2019-08-24,18:20,19:20,0,,DJ Set,France,Charleville-Mézières,Person,,,,
The Egyptian Lover,2019,Greenfloor,2019-08-24,19:20,20:30,0,,,United States,Los Angeles,Person,,,,31200780-d9e5-4c34-a022-064410996ee0
Oktober Lieber,2019,Greenfloor,2019-08-24,20:30,21:30,0,,,France,Paris,Band,,,,21434818-85b6-45c7-8443-bea6026c78ce
Joy Orbison,2019,Greenfloor,2019-08-24,21:30,22:50,0,,,United Kingdom,London,Person,,,,8542f9a4-bd91-4066-91cf-359d2d9950db
DJ Sneak,2019,Greenfloor,2019-08-24,22:50,00:00,0,,,United States,Chicago,Person,,,,0319d75e-4100-4cd0-aa84-175335ed6e42
Kenny Dope,2019,Greenfloor,2019-08-24,00:00,01:10,0,,,United States,Brooklyn,Person,,,,
Salut C'est Cool,2019,Greenfloor,2019-08-24,01:10,02:20,0,,,France,Paris,Band,,,,
DC Salas,2019,Greenfloor,2019-08-25,16:20,17:30,0,,,Belgium,Brussels,Person,,,,7411fb2c-4dc6-416e-8842-1cf9d7b30083
Kampire,2019,Greenfloor,2019-08-25,17:30,18:50,0,,,Uganda,Kampala,Person,,,,2729de99-b6e5-44af-bf22-8703dee0304b
DJ Marcelle,2019,Greenfloor,2019-08-25,18:50,20:00,0,,,Netherlands,Amsterdam,Person,,,,
La Fleur,2019,Greenfloor,2019-08-25,20:00,21:30,0,,,Sweden,Stockholm,Person,,,,
AZF,2019,Greenfloor,2019-08-25,21:30,23:00,0,,,France,Paris,Band,,,,a8a8a59a-1c0d-4b04-b1d5-03dcdf1898f7
Dégage,2019,Illuminations,2019-08-22,17:40,18:30,0,,,France,Reims,Band,,,,
Ocean Alley,2019,Illuminations,2019-08-22,19:30,20:20,0,,,Australia,Sydney,Band,,,,8cf32b06-c5a3-4804-a967-376f88d12aad
Caballero & JeanJass,2019,Illuminations,2019-08-22,21:30,22:30,0,,,Belgium,Brussels,Band,,,,09f03eb2-9c27-43ae-b5d1-43b9fbf9413b
Skegss,2019,Illuminations,2019-08-22,23:50,00:40,0,,,Australia,Byron Bay,Band,,,,
Danny Daze,2019,Illuminations,2019-08-22,00:40,02:00,0,,,United States,Miami,Person,,,,734968e2-c3eb-4d98-a16e-3fc8f652942a
Rive,2019,Illuminations,2019-08-23,15:40,16:20,0,,,Belgium,Brussels,Band,,,,4bbbc5f8-6d89-4312-9e2c-bfa2ad2a7f93
Loka & The Moonshiners,2019,Illuminations,2019-08-23,17:10,18:00,0,,,Belgium,Brussels,Band,,,,
Israel Nash,2019,Illuminations,2019-08-23,19:00,20:00,0,,,United States,Dripping Springs,Person,,,,5504a16a-5106-442f-8082-06ef87d3bdfb
Courtney Barnett,2019,Illuminations,2019-08-23,20:50,21:50,0,,,Australia,Melbourne,Person,,,,55111838-f001-494a-a1b5-9d818db85810
Oh Sees,2019,Illuminations,2019-08-23,22:50,23:50,0,,,United States,San Francisco,Band,,,,
Ghostemane,2019,Illuminations,2019-08-23,01:20,02:10,0,,,United States,Lake Worth,Person,,,,1989dd59-7f11-4c90-9450-4d728ed07fb0
Cosmic Hill,2019,Illuminations,2019-08-24,15:30,16:10,0,,,France,Charleville-Mézières,Band,,,,
Redemption,2019,Illuminations,2019-08-24,16:40,17:30,0,,,France,Metz,Band,,,,0e238155-174b-4c9f-8959-74c5d94bd284
The Dunts,2019,Illuminations,2019-08-24,18:20,19:20,0,,,United Kingdom,Glasgow,Band,,,,987d47d8-15d5-4cde-9a71-ba24852e5d91
Viagra Boys,2019,Illuminations,2019-08-24,20:20,21:20,0,,,Sweden,Stockholm,Band,,,,9df0c0ec-619e-447d-a155-23e19d9c84ce
Glauque,2019,Illuminations,2019-08-24,22:20,23:20,0,,,Belgium,Namur,Band,,,,65a6d9d4-328e-42ce-a423-71af9ae76bac
Koba LaD,2019,Illuminations,2019-08-24,00:10,01:10,0,,,France,Evry-Courcouronnes,Person,,,,52315221-8b06-4fb1-bfd3-16057aa4f9e1
Claire Faravarjoo,2019,Illuminations,2019-08-25,16:00,16:40,0,,,France,Strasbourg,Person,,,,8321315f-6e1b-4aae-a47f-873421c65fea
Steve Gunn,2019,Illuminations,2019-08-25,17:40,18:30,0,,,United States,Philadelphia,Person,,,,a0d05bb8-3ef4-4b70-8992-5da4322afc21
Dylan LeBlanc,2019,Illuminations,2019-08-25,19:40,20:40,0,,,United States,Muscle Shoals,Person,,,,df6721f1-5c56-43c8-b212-50d701ad09d3
Vaudou Game,2019,Illuminations,2019-08-25,21:50,23:00,0,,,France,Lyon,Band,,,,dedfd6ff-6687-454e-8dc4-b0e35f4fb0dd
Knuckle Head,2019,Razorback,2019-08-22,18:40,19:30,0,,,France,Alsace,Band,,,,34cad6a2-29d7-4c20-b316-69e1005623ca
Tendinite,2019,Razorback,2019-08-22,20:40,21:30,0,,,France,Reims,Band,,,,4d4fed62-196a-4875-b7dc-bd988a35cab1
Johnny Mafia,2019,Razorback,2019-08-22,23:00,23:50,0,,,France,Sens,Band,,,,ec310197-19bf-4167-8340-85710d91bc41
Pottery,2019,Razorback,2019-08-22,01:00,01:50,0,,,Canada,Montréal,Band,,,,294610ed-17cc-4fd4-8e14-d657e7f46dae
Kamarad,2019,Razorback,2019-08-23,16:20,17:10,0,,,France,Lautenbach,Band,,,,c3dc28bf-22ac-418f-ab31-fdeb8308d7bf
Rendez Vous,2019,Razorback,2019-08-23,20:00,20:50,0,,,France,Paris,Band,,,,
BODEGA,2019,Razorback,2019-08-23,22:00,22:50,0,,,United States,Brooklyn,Band,,,,8a08d77c-d796-4546-8143-abca7ff9b62e
The Murder Capital,2019,Razorback,2019-08-23,00:00,00:50,0,,,Ireland,Dublin,Band,,,,41e30723-07ab-40fd-8f6b-983981a76d8b
Kelley Stoltz,2019,Razorback,2019-08-24,17:30,18:20,0,,,United States,San Francisco,Person,,,,c4c8675e-f8dc-4313-b430-8fbc83d8aafc
Birds in Row,2019,Razorback,2019-08-24,19:30,20:20,0,,,France,Laval,Band,,,,71fdb598-1967-435b-ab25-f4daad5e576b
Prince Harry,2019,Razorback,2019-08-24,21:20,22:10,0,,,Belgium,Liège,Band,,,,
Cocaine Piss,2019,Razorback,2019-08-24,23:20,00:10,0,,,Belgium,Liège,Band,,,,5bf4fa8d-9cb9-4a9c-a13a-6ab25930879f
It It Anita,2019,Razorback,2019-08-24,01:10,02:00,0,,,Belgium,Liège,Band,,,,2d4bf6cd-9bdb-4e3b-9ce0-da60e64e88c9
Jungle Shakers,2019,Razorback,2019-08-25,16:40,17:20,0,,,France,Sedan - Ardennes,Band,,,,
Blue Orchid,2019,Razorback,2019-08-25,18:40,19:30,0,,,France,Dijon,Band,,,,0dcffa2a-ff61-422d-92fc-b5f1d8378f4e
The Chats,2019,Razorback,2019-08-25,20:50,21:40,0,,,Australia,Coolum Beach,Band,,,,aafe3816-2d68-4528-adda-d68514c940d4
Johnny Marr,2019,Zanzibar,2019-08-22,18:30,19:30,0,,,United Kingdom,Ardwick,Person,,,,ff621094-2a76-401f-8398-b75b5fd2be24
Prophets of Rage,2019,Zanzibar,2019-08-22,20:20,21:30,0,,,United States,Los Angeles,Band,,,,ef217163-645d-43e6-a487-985ffe9b14ca
twenty one pilots,2019,Zanzibar,2019-08-22,22:30,23:50,0,,,United States,Columbus,Band,,,,a6c6897a-7415-4f8d-b5a5-3a5e05f3be67
Roméo Elvis,2019,Zanzibar,2019-08-22,00:40,01:40,0,,,Belgium,Brussels,Person,,,,b6e08f19-dca8-4009-aefe-9feb9f1aa1f2
Ziggy Marley,2019,Zanzibar,2019-08-23,17:50,19:00,0,,,Jamaica,Kingston,Person,,,,7c09d8af-895a-4337-bb46-b4b6dcabff10
IAM,2019,Zanzibar,2019-08-23,19:50,20:50,0,,,France,Marseille,Band,,,,7aa4a16e-9d5a-41d3-968e-fae1a2c84d05
Angèle,2019,Zanzibar,2019-08-23,21:50,22:50,0,,,Belgium,Brussels,Person,,,,dcd4701d-64ec-443d-bfbf-73fc87c44bd6
Orelsan,2019,Zanzibar,2019-08-23,23:50,01:20,0,,,France,Caen,Person,,,,6cad3ce5-6380-4594-a8da-ae7d273b683d
James,2019,Zanzibar,2019-08-24,17:30,18:20,0,,,United Kingdom,Manchester,Band,,,,a2accb58-6099-4cb5-a3c8-f6332f364db5
Airbourne,2019,Zanzibar,2019-08-24,19:20,20:20,0,,,Australia,Warrnambool,Band,,,,5365f55c-b1e1-48f9-b09f-078f7a14cb1f
Patti Smith,2019,Zanzibar,2019-08-24,21:20,22:30,0,,,United States,Chicago,Person,,,,d135874d-9cae-4fef-97e3-36acbd9f5a26
Foals,2019,Zanzibar,2019-08-24,23:20,00:30,0,,,United Kingdom,Oxford,Band,,,,6a65d878-fcd0-42cf-aff9-ca1d636a8bcc
Nina Kraviz,2019,Zanzibar,2019-08-24,01:10,02:20,0,,,Russia,Irkutsk,Person,,,,5dd3cf5b-474d-465a-a539-456d7e125ebc
Barcella,2019,Zanzibar,2019-08-25,16:50,17:40,0,,,France,Reims,Person,,,,c0ce56a5-24c2-4d16-8f24-e6e280b2a371
Gaëtan Roussel,2019,Zanzibar,2019-08-25,18:30,19:40,0,,,France,Rodez,Person,,,,3e2c4afa-36a0-4955-a5b2-7cf3949e038e
Bernard Lavilliers,2019,Zanzibar,2019-08-25,20:40,21:50,0,,,France,Saint-Étienne,Person,,,,8bef9bae-a250-4c4e-8e5e-b2f81607db2a
Slipknot,2020,,,,,1,,,United States,Des Moines,Band,,,,a466c2a2-6517-42fb-a160-1087c3bafd9f
Martin Garrix,2020,,,,,1,,,Netherlands,Amstelveen,Person,,,,3e1f2ee4-16be-4406-bf18-6173840cf2b1
Liam Gallagher,2020,,,,,1,,,United Kingdom,Burnage,Person,,,,1f2345fa-344e-4863-a1d7-3958d57f4301
Nekfeu,2020,,,,,1,,,France,La Trinité,Person,,,,d721866d-5640-44ee-87f7-23dd062abd8a
Pixies,2020,,,,,1,,,United States,Boston,Band,,,,b6b2bb8d-54a9-491f-9607-7b546023b433
Lomepal,2020,,,,,1,,,France,Paris,Person,,,,5386511f-b7bd-4058-9b5e-2c5dc426e1c9
Madness,2020,,,,,1,,,United Kingdom,Camden Town,Band,,,,5f58803e-8c4c-478e-8b51-477f38483ede
Niska,2020,,,,,1,,,France,Epinay-Sur-Seine,Person,,,,e369e789-6f07-4ce8-a70f-e136bc57bf3b
Dionysos,2020,,,,,1,,,France,Valence - Drôme,Band,,,,7d248ccb-588a-414e-ab3e-be6dd8b71f81
Stephan Eicher,2020,,,,,1,,,Switzerland,Bergün,Person,,,,34101668-3a6e-4fb7-8a8e-8f6130cb9127
Wallows,2020,,,,,1,,,United States,Los Angeles,Band,,,,9fae44ec-b95c-4b0f-a0a6-f0008613eabf
Cavalera Conspiracy,2020,,,,,1,,,United States,Phoenix,Band,,,,5bd1060b-8608-4817-93ca-207f7c828e2f
Frank Carter & the Rattlesnakes,2020,,,,,1,,,United Kingdom,London,Band,,,,2808f2b4-65f3-4f26-b937-a6fbb41825c2
Les Wampas,2020,,,,,1,,,France,Paris - Paris,Band,,,,46c6a335-6064-4118-8021-83fb37b1bc6a
cleopatrick,2020,,,,,1,,,Canada,Cobourg,Band,,,,69c8cacb-12a6-4cee-9221-02eb3c396c04
Koffee,2020,,,,,1,,,Jamaica,Spanish Town,Person,,,,79b2c950-f0fb-4ad2-b0ec-aa2cec29be8e
BADBADNOTGOOD,2020,,,,,1,,,Canada,Toronto,Band,,,,754294d5-d7d2-4ea2-8184-1dcaaf55a56f
shame,2020,,,,,1,,,United Kingdom,London,Band,,,,3294b9ce-0bef-4080-8ae8-95bad1abd71c
Girl Band,2020,,,,,1,,,Ireland,Dublin,Band,,,,
JPEGMAFIA,2020,,,,,1,,,United States,New York,Person,,,,c42e60f4-4520-4954-b6e4-82bbdf532c11
Oxmo Puccino,2020,,,,,1,,,France,Paris,Person,,,,faf5d956-ba11-4e01-9634-2f1c9ec92df5
Aloïse Sauvage,2020,,,,,1,,,France,Paris,Person,,,,6c6c3672-61bd-43d6-aa57-31c6c3d10298
Maes,2020,,,,,1,,,France,Sevran,Person,,,,74def643-c770-470d-a0b5-21c0fa60069e
Slowthai,2020,,,,,1,,,United Kingdom,Northampton,Person,,,,333e76b4-9606-4fd3-bcb3-8e7660bb4d96
Kompromat,2020,,,,,1,,,France,Paris,Band,,,,c52e9aa4-5798-47da-94d8-9edb1bea8b82
Lous And The Yakusa,2020,,,,,1,,,Belgium,Brussels,Person,,,,
DIIV,2020,,,,,1,,,United States,Brooklyn,Band,,,,b5ff61dd-0154-4e80-b46b-c733f87db602
Yves Tumors & It's Band,2020,,,,,1,,,United States,Knoxville,Band,,,,
Tank & The Bangas,2020,,,,,1,,,United States,New Orleans,Band,,,,
Laylow,2020,,,,,1,,,France,Toulouse,Person,,,,b04c952c-16c4-41ad-bd62-ace5047cdf6e
Monophonics,2020,,,,,1,,,United States,San Francisco,Band,,,,f1745cca-1cae-4696-a0d3-62553c742b0c
Chilla,2020,,,,,1,,,France,Gex,Person,,,,32cccc7b-a96a-42cd-9fad-7d4779a1f5a3
City Morgue,2020,,,,,1,,,United States,New York,Band,,,,c0134c34-6677-4bdf-b07c-ac14414826cd
Green Montana,2020,,,,,1,,,Belgium,Verviers,Person,,,,a1e28395-699b-4bb8-8e7a-e5eda8ac7c4c
ICO,2020,,,,,1,,,Belgium,Brussels,Person,,,,1ae5d8fd-583d-462a-a1ba-780597140ab0
Josman,2020,,,,,1,,,France,Vierzon,Person,,,,d6f204c1-ea79-4ad0-bac3-862faad14130
Kobo,2020,,,,,1,,,Belgium,Brussels,Person,,,,d8d51ee7-3d47-446d-aaa5-c8313c30b596
Larry,2020,,,,,1,,,France,Strasbourg,Person,,,,
Leto,2020,,,,,1,,,France,Paris,Person,,,,635e50a0-3c8f-4675-a0e6-9e3555cc4e0a
Tawsen,2020,,,,,1,,,Belgium,Brussels,Person,,,,
Youv Dee,2020,,,,,1,,,France,Boulogne-Billancourt,Person,,,,87206131-e85a-46ea-85a8-7ce199e8fe56
AFRODEUTSCHE,2020,,,,,1,,,United Kingdom,Manchester,Person,,,,1fbf0b5a-8c78-4f52-be5e-5badcec605c3
Ascendant Vierge,2020,,,,,1,,,France,Paris,Band,,,,526ae1b5-6a34-4603-9f75-493c904c9478
Casual Gabberz,2020,,,,,1,,,France,Paris,Band,,,,c4df7050-bb65-4990-8238-1f11fa5dccfe
Denis Sulta,2020,,,,,1,,,United Kingdom,Glasgow,Person,,,,fb89b67a-841d-4a4d-8c28-4d2baf9b7c55
Danny Daze,2020,,,,,1,,,United States,Miami,Person,,,,734968e2-c3eb-4d98-a16e-3fc8f652942a
Special Request,2020,,,,,1,,B2B Special Request,United Kingdom,Leeds,Person,,,,
Folamour,2020,,,,,1,,B2B Danny Daze,France,Lyon,Person,,,,6aa08af3-d00b-4de9-afa0-96aa1decad9e
HAAi,2020,,,,,1,,,Australia,Sydney,Person,,,,c4dff60e-6cf9-4308-8bef-7d88bc0a6a27
La Fleur,2020,,,,,1,B2B DJ Tennis,,Sweden,Stockholm,Person,,,,
DJ Tennis,2020,,,,,1,B2B La Fleur,,Italy,Roma,Person,,,,
Lefto,2020,,,,,1,,,Belgium,Brussels,Person,,,,43d63947-5221-4d73-b0c3-cb38157c5cab
Lena Willikens,2020,,,,,1,,,Germany,Düsseldorf,Person,,,,61c446bf-ab6f-47c4-ae11-e7e604a9d624
Mézigue,2020,,,,,1,,,France,Paris,Person,,,,af411249-cfb6-4603-b44d-e18f1fe6085f
Ms Mada,2020,,,,,1,,,United States,Miami,Person,,,,
Octo Octa,2020,,,,,1,,,United States,New Hampshire,Person,,,,3fa65334-e3c4-4e83-b24f-5af5535ba462
Oko DJ,2020,,,,,1,,,Greece,Athens,Person,,,,
Paula Temple,2020,,,,,1,,,United Kingdom,Manchester,Person,,,,c106c230-ab47-4550-adf2-d27db91f0b24
SHERELLE,2020,,,,,1,,,United Kingdom,London,Person,,,,f05d8710-bc94-4c83-a027-fa7b9744ab4d
Red Fang,2020,,,,,1,,,United States,Portland,Band,,,,fb2cc158-0ad2-4dc5-a6b6-b2a1a8e2fe65
Tropical Fuck Storm,2020,,,,,1,,,Australia,Melbourne,Band,,,,a7a3399e-2d9a-4c3b-9ada-7e861aed1cb3
Crack Cloud,2020,,,,,1,,,Canada,Vancouver,Band,,,,c641bdb4-2ec3-4889-96f8-ea44a70604f9
Squid,2020,,,,,1,,,United Kingdom,Brighton,Band,,,,
Meatbodies,2020,,,,,1,,,United States,Los Angeles,Band,,,,3ed638a7-5188-4be6-918c-9bbd68890b58
Otoboke Beaver,2020,,,,,1,,,Japan,Kyoto,Band,,,,
Dead Buttons,2020,,,,,1,,,South Korea,Seoul,Band,,,,
DTSQ,2020,,,,,1,,,South Korea,Seoul,Band,,,,9c0fca10-7ed7-40c0-850e-737ded425841
Flat Worms,2020,,,,,1,,,United States,Los Angeles,Band,,,,5f647289-9ff8-494d-a349-7a388307ddde
Arka'n Asrafokor,2020,,,,,1,,,Togo,Lomé,Band,,,,
Parlor Snakes,2020,,,,,1,,,France,Paris,Band,,,,b4367831-511c-4196-849a-5d63bb0ba0be
Johnnie Carwash,2020,,,,,1,,,France,Lyon,Band,,,,a6847346-f132-47cc-94bc-b0b999d38bcd
La Jungle,2020,,,,,1,,,Belgium,Mons,Band,,,,b4de8e35-0633-4f54-a577-996c2b26d22d
Asher Selector,2021,Face B - Scène Jardin,2021-08-21,20:00,21:50,0,,,Switzerland,Geneva,Person,,,,
Cosmic Hill,2021,Face B - Scène Jardin,2021-08-21,22:00,23:00,0,,,France,Charleville-Mézières,Band,,,,
Asher Selector,2021,Face B - Scène Jardin,2021-08-21,23:10,00:30,0,,,Switzerland,Geneva,Person,,,,
Dégage,2021,Face B - Scène Jardin,2021-09-03,21:00,22:00,0,,,France,Reims,Band,,,,
Mustang,2021,Face B - Scène Jardin,2021-09-03,23:00,00:00,0,,,France,Clermont-Ferrand,Band,,,,7568f85a-deb7-41ac-a0e4-ffca46a17d84
Tous Pour Un,2021,Face B - Scène Jardin,2021-09-04,21:00,22:00,0,,,France,,Band,,,,
Mauvais Œil,2021,Face B - Scène Jardin,2021-09-04,23:00,00:00,0,,,France,Joinville-Le-Pont,Band,,,,17357879-a0de-4036-9e24-247a320f8513
Lune Sieste Electro,2021,Face B - Scène Jardin,2021-09-05,14:00,16:00,0,,,France,,Band,,,,
Tukan,2021,Face B - Scène Jardin,2021-09-10,21:00,22:00,0,,,Belgium,Brussels,Band,,,,aae67d47-3c5d-4d4d-b1f5-49f6d7a7d76d
Glass Museum,2021,Face B - Scène Jardin,2021-09-10,23:00,00:00,0,,,Belgium,Brussels,Band,,,,84fe88ef-3ac0-49a1-95c7-3aa9d4062149
Mr P,2021,Face B - Scène Jardin,2021-09-11,14:00,16:00,0,,,France,Strasbourg,Person,,,,
Laventure,2021,Face B - Scène Jardin,2021-09-11,18:00,19:00,0,,,France,Strasbourg,Person,,,,
Virage,2021,Face B - Scène Jardin,2021-09-11,19:00,21:00,0,,,France,Paris,Groupe,,,,
Address Hymen,2021,Face B - Scène Jardin,2021-09-11,22:00,00:30,0,,,France,Lille,Band,,,,8d6bc854-4718-44a7-bec0-dd14530b91c8
Lune Sieste Electro,2021,Face B - Scène Jardin,2021-09-12,14:00,16:00,0,,,France,,Band,,,,
Ralph Of London,2021,Face B - Scène Jardin,2021-09-12,18:00,19:00,0,,,United Kingdom,London,Band,,,,fd5f9cac-71d1-4cb3-94b3-01ca3867df84
Red Rocket 7,2021,Face B - Scène Jardin,2021-09-17,21:00,21:50,0,,,France,Charleville-Mézières,Band,,,,7469bb7f-e4e4-4e40-9325-b3a92306c7c2
SLIFT,2021,Face B - Scène Jardin,2021-09-17,23:15,00:15,0,,,France,Toulouse,Band,,,,3d303095-020a-4b65-9419-b91a574c8c9b
Jungle Shakers,2021,Face B - Scène Jardin,2021-09-18,21:00,22:00,0,,,France,Sedan - Ardennes,Band,,,,
Tequila Savate,2021,Face B - Scène Jardin,2021-09-18,23:15,00:15,0,,,France,Nancy,Person,,,,a1a77a52-9c27-4b18-b103-082eec53f199
Le Prince Harry,2021,Face B - Scène Jardin,2021-09-24,20:00,21:00,0,,,,,,,,,
Brama,2021,Face B - Scène Jardin,2021-09-24,22:30,23:30,0,,,France,Clermont-Ferrand,Band,,,,fde878d1-da60-4044-9b71-2dfc95d3c672
Structures,2021,Face B - Scène Jardin,2021-09-25,20:00,21:00,0,,,France,Amiens,Band,,,,2d011f96-395d-47f4-82d0-590c43825ea6
Frustration,2021,Face B - Scène Jardin,2021-09-25,22:30,23:30,0,,,France,Paris,Band,,,,e57b042b-67f4-476e-98c1-f27719224316
Kid Francescoli,2021,Face B - Still Alive,2021-08-26,18:00,18:50,0,,,France,Lyon,Band,,,,4e7473b1-0e6e-4530-b374-b9c80ec7832b
Hervé,2021,Face B - Still Alive,2021-08-26,19:20,20:10,0,,,United Kingdom,Saint-Cyr-L'École,Person,,,,942075c2-c929-4e1e-922b-f8d7f2d436b5
Balthazar,2021,Face B - Still Alive,2021-08-26,20:40,21:40,0,,,Belgium,Ghent,Band,,,,91511517-ef93-4d71-a0f0-c858272af4a7
Sebastien Tellier,2021,Face B - Still Alive,2021-08-26,22:20,23:20,0,,,France,Suresnes,Person,,,,
Gael Faye,2021,Face B - Still Alive,2021-08-26,00:00,01:00,0,,,France,Versailles,Person,,,,
Ian Caufield,2021,Face B - Still Alive,2021-08-27,17:30,18:20,0,,,,,,,,,
Dionysos,2021,Face B - Still Alive,2021-08-27,18:50,20:00,0,,,France,Valence - Drôme,Band,,,,7d248ccb-588a-414e-ab3e-be6dd8b71f81
Benjamin Biolay,2021,Face B - Still Alive,2021-08-27,22:10,23:20,0,,,France,Villefranche-sur-Saône,Person,,,,f0c58dc1-8262-410e-a38b-e4f92e14759a
L'Imperatrice,2021,Face B - Still Alive,2021-08-27,23:50,00:50,0,,,France,Paris,Band,,,,
Leys,2021,Face B - Still Alive,2021-08-28,17:30,18:10,0,,,France,Reims,Person,,,,
Chilla,2021,Face B - Still Alive,2021-08-28,18:35,19:20,0,,,France,Gex,Person,,,,32cccc7b-a96a-42cd-9fad-7d4779a1f5a3
Soso Maness,2021,Face B - Still Alive,2021-08-28,19:40,20:30,0,,,France,Marseille,Person,,,,4b069a10-27f6-49a4-95bf-09964ada481e
IAM,2021,Face B - Still Alive,2021-08-28,21:10,22:20,0,,,France,Marseille,Band,,,,7aa4a16e-9d5a-41d3-968e-fae1a2c84d05
PLK,2021,Face B - Still Alive,2021-08-28,22:50,23:45,0,,,France,Paris,Person,,,,55304866-1b79-4365-a6b1-961c95e9fc57
Vladimir Cauchemar,2021,Face B - Still Alive,2021-08-28,00:00,01:00,0,,,France,Reims,Person,,,,fb5b5da8-61f3-445e-8e2d-f9873b330b13
Chester Remington,2021,Face B - Still Alive,2021-08-29,16:20,17:00,0,,,France,Reims,Person,,,,efc0f724-75de-4adf-a970-c82dda24eb51
Delgres,2021,Face B - Still Alive,2021-08-29,17:30,18:20,0,,,France,Guadeloupe,Band,,,,8301254c-c96f-4aa1-9e9e-be301c46cbfa
Pomme,2021,Face B - Still Alive,2021-08-29,19:00,20:00,0,,,France,Lyon,Person,,,,c75b226d-d643-41dc-a2b7-00c0ff8c8e7b
Stephan Eicher,2021,Face B - Still Alive,2021-08-29,20:50,22:00,0,,,Switzerland,Bergün,Person,,,,34101668-3a6e-4fb7-8a8e-8f6130cb9127
La Plaque Tournante,2021,Face B - Terrasse,2021-08-19,20:00,22:30,0,,,France,Charleville-Mézières,Person,,,,
Asher Selector,2021,Face B - Terrasse,2021-08-20,20:30,23:30,0,,,Switzerland,Geneva,Person,,,,
Judah Roger,2021,Face B - Terrasse,2021-08-20,20:30,23:30,0,,,France,Paris,Person,,,,
La Plaque Tournante,2021,Face B - Terrasse,2021-08-21,18:00,21:00,0,,,France,Charleville-Mézières,Person,,,,
Jukebox Arena,2021,Face B - Terrasse,2021-09-01,18:00,21:00,0,,,France,Ardennes,Person,,,,
Paleophone,2021,Face B - Terrasse,2021-09-02,18:00,21:00,0,,,France,Ardennes,Person,,,,
DJ Callahan,2021,Face B - Terrasse,2021-09-03,18:00,21:00,0,,,France,Reims,Person,,,,
Helper,2021,Face B - Terrasse,2021-09-04,18:00,21:00,0,,,France,Ardennes,Person,,,,18c7832b-1924-4be7-8494-14b666e9a6e6
Pierre Rodrigue,2021,Face B - Terrasse,2021-09-05,16:00,19:00,0,,,,,Person,,,,
Grenier's Family,2021,Face B - Terrasse,2021-09-07,18:00,21:00,0,,,France,Boutancourt,Band,,,,
Diggin' Groovers,2021,Face B - Terrasse,2021-09-08,18:00,21:00,0,,,France,Charleville-Mézières,Band,,,,
Fred Pallem,2021,Face B - Terrasse,2021-09-09,19:00,21:00,0,,,France,Houilles,Person,,,,c983d25a-5d10-4d69-b92f-f389a960da6b
Mixanthrope,2021,Face B - Terrasse,2021-09-10,19:00,21:00,0,,,France,Reims,Band,,,,
Mixanthrope,2021,Face B - Terrasse,2021-09-10,22:00,23:00,0,,,France,Reims,Band,,,,
Auxiliaire de Vie,2021,Face B - Terrasse,2021-09-11,16:00,18:00,0,,,France,Strasbourg,Person,,,,
Club Z1Z1,2021,Face B - Terrasse,2021-09-11,21:00,23:00,0,,,France,Rennes,Group,,,,
La Pepite Musicale,2021,Face B - Terrasse,2021-09-14,18:00,21:00,0,,,France,Charleville-Mézières,Person,,,,
La Plaque Tournante,2021,Face B - Terrasse,2021-09-15,18:00,21:00,0,,,France,Charleville-Mézières,Person,,,,
Hado Niz,2021,Face B - Terrasse,2021-09-16,18:00,21:00,0,,,France,Ardennes,Person,,,,
Jerome & Boris,2021,Face B - Terrasse,2021-09-17,19:00,21:00,0,,,,,,,,,
Bonaventure & Dieumerci,2021,Face B - Terrasse,2021-09-18,19:00,21:00,0,,,France,Charleville-Mézières - Ardennes,Band,,,,
Back In Time,2021,Face B - Terrasse,2021-09-19,18:00,20:00,0,,,France,Reims,Band,,,,4e45a7d3-08bd-4cbf-af77-3292ba22d942
"DJ Flowback ",2021,Face B - Terrasse,2021-09-20,18:00,21:00,0,,,France,Charleville-Mézières,Person,,,,
DJ Gros CD,2021,Face B - Terrasse,2021-09-20,18:00,21:00,0,,,France,Ardennes,Person,,,,
La Pepite Musicale,2021,Face B - Terrasse,2021-09-21,19:00,21:00,0,,,France,Charleville-Mézières,Person,,,,
Baptizein,2021,Face B - Terrasse,2021-09-22,18:00,21:00,0,,,France,Sedan,Person,,,,
Scopitone,2021,Face B - Terrasse,2021-09-23,18:00,21:00,0,,,France,Rennes,Band,,,,
Grand Est,2021,Face B - Terrasse,2021-09-24,18:00,20:00,0,,,,,,,,,
Lidl-Richard & Sarhdou,2021,Face B - Terrasse,2021-09-25,18:00,20:00,0,,,France,Ardennes,Group,,,,
Back In Time,2021,Face B - Terrasse,2021-09-26,16:00,19:00,0,,,France,Reims,Band,,,,4e45a7d3-08bd-4cbf-af77-3292ba22d942
So La Lune,2022,Greenfloor,2022-08-18,18:00,18:40,0,,,France,Lyon,Person,,,,
La Feve,2022,Greenfloor,2022-08-18,18:45,19:25,0,,,France,Paris,Person,,,,
Frenetik,2022,Greenfloor,2022-08-18,19:30,20:10,0,,,Belgium,Brussels,Person,,,,105e3ab0-adef-458e-823d-908fa0872c67
ASHE 22,2022,Greenfloor,2022-08-18,20:15,20:55,0,,,France,Lyon,Person,,,,1ae4dcc7-a0d3-4ad6-9ba5-00e6c6ef0495
Eris Drew,2022,Greenfloor,2022-08-18,21:10,22:20,0,,,United States,Chicago,Person,,,,8cd2d139-7257-4d8c-9247-621bfb742e6e
Octo Octa,2022,Greenfloor,2022-08-18,22:20,23:40,0,,,United States,New Hampshire,Person,,,,3fa65334-e3c4-4e83-b24f-5af5535ba462
La Fleur,2022,Greenfloor,2022-08-18,23:40,01:00,0,,,Sweden,Stockholm,Person,,,,
Paula Temple,2022,Greenfloor,2022-08-18,01:00,02:20,0,,,United Kingdom,Manchester,Person,,,,c106c230-ab47-4550-adf2-d27db91f0b24
San-Nom,2022,Greenfloor,2022-08-19,16:30,17:10,0,,,France,Reims,Person,,,,0b8795fb-b8ee-4a99-8cfe-2a99ac0dfcfa
Bianca Costa,2022,Greenfloor,2022-08-19,17:20,18:00,0,,,France,Paris,Person,,,,468a525e-a731-4367-8f81-4ade2bb521e7
Slimka,2022,Greenfloor,2022-08-19,18:10,18:50,0,,,Switzerland,Geneva,Person,,,,6143579e-84ab-48dd-b793-969adc283bb1
Le Juiice,2022,Greenfloor,2022-08-19,19:00,19:40,0,,,France,Boissy-Saint-Léger,Person,,,,60a78cf7-1e2b-483a-aa58-e674ce1c29c0
Luv Resval,2022,Greenfloor,2022-08-19,19:50,20:30,0,,,France,Cambrai,Person,,,,324bc359-f062-46d9-a31a-9530b0483fe7
alyona alyona,2022,Greenfloor,2022-08-19,20:50,21:50,0,,,Ukraine,Kyiv,Person,,,,1a6993eb-fa5b-42e2-a834-2a9539c53be1
La Forge,2022,Greenfloor,2022-08-19,21:50,23:00,0,,,France,Reims,Band,,,,
Nathan Zahef,2022,Greenfloor,2022-08-19,23:00,00:10,0,Joy Orbison,,France,Reims,Person,,,,
Joy Orbison,2022,Greenfloor,2022-08-19,23:00,00:10,1,,,United Kingdom,London,Person,,,,8542f9a4-bd91-4066-91cf-359d2d9950db
Denis Sulta,2022,Greenfloor,2022-08-19,00:10,01:20,0,,,United Kingdom,Glasgow,Person,,,,fb89b67a-841d-4a4d-8c28-4d2baf9b7c55
Sama' Abdulhadi,2022,Greenfloor,2022-08-19,01:20,02:30,0,,,Palestine,Ramallah,Person,,,,
Green Montana,2022,Greenfloor,2022-08-20,16:45,17:25,0,,,Belgium,Verviers,Person,,,,a1e28395-699b-4bb8-8e7a-e5eda8ac7c4c
Makala,2022,Greenfloor,2022-08-20,17:30,18:10,0,,,Switzerland,Geneva,Person,,,,631fbbab-7bc2-48d2-a5ae-9ddc71756806
SDM,2022,Greenfloor,2022-08-20,18:15,18:55,0,,,France,Meudon,Person,,,,ee5acbd5-d291-4fe1-a06a-88060b131b77
Anna,2022,Greenfloor,2022-08-20,18:15,18:55,1,,,Italy,La Spezia,Person,,,,
Lala & Ce,2022,Greenfloor,2022-08-20,19:00,19:45,0,,,France,Bron,Person,,,,
Tiakola,2022,Greenfloor,2022-08-20,19:50,20:35,0,,,France,Bondy,Person,,,,2bd0c272-dd22-4395-8381-18fa2fa59f1e
Mara,2022,Greenfloor,2022-08-20,20:40,21:30,0,,,Switzerland,Geneva,Person,,,,
Todiefor,2022,Greenfloor,2022-08-20,21:30,22:30,0,,,Belgium,Brussels,Person,,,,7c8e4f6b-0c29-4427-aa19-d7795fa13a52
Leon Vynehall,2022,Greenfloor,2022-08-20,22:40,23:50,0,,,United Kingdom,Sheffield,Person,,,,b98202d3-4fb4-4e32-9ff3-b9e1987d02cf
Lena Willikens,2022,Greenfloor,2022-08-20,23:50,01:10,0,,,Germany,Düsseldorf,Person,,,,61c446bf-ab6f-47c4-ae11-e7e604a9d624
SHERELLE,2022,Greenfloor,2022-08-20,01:10,02:20,0,,,United Kingdom,London,Person,,,,f05d8710-bc94-4c83-a027-fa7b9744ab4d
Le Lou,2022,Greenfloor,2022-08-21,14:55,15:35,0,,,France,Strasbourg,Person,,,,
JeanneTo,2022,Greenfloor,2022-08-21,15:40,16:20,0,,,France,Metz,Person,,,,
Zack Fox,2022,Greenfloor,2022-08-21,16:25,17:10,0,,,Los Angeles,Atlanta,Person,,,,09a91c31-d6fb-4356-9d2f-ca9c8ce6de37
Alewya,2022,Greenfloor,2022-08-21,17:15,18:00,0,,,United Kingdom,London,Person,,,,49b5386b-a606-41b1-90e8-d9e7983b6f1b
Benjamin Epps,2022,Greenfloor,2022-08-21,18:05,18:50,0,,,France,Paris,Person,,,,
Ayra Starr,2022,Greenfloor,2022-08-21,18:55,19:40,0,,,Bénin,Cotonou,Person,,,,c4ac4b97-2eac-46f6-85ae-f916c93847e4
Partiboi69,2022,Greenfloor,2022-08-21,19:50,20:50,0,,,Australia,Melbourne,Person,,,,1e111118-d891-4f96-965d-90bf9018a7d1
I.JORDAN,2022,Greenfloor,2022-08-21,20:50,21:50,0,,,United Kingdom,Manchester,Person,,,,6ba5555c-0103-46c8-976a-c5032447d179
HAAi,2022,Greenfloor,2022-08-21,21:50,23:00,0,,,Australia,Sydney,Person,,,,c4dff60e-6cf9-4308-8bef-7d88bc0a6a27
Q.,2022,Illuminations,2022-08-17,19:00,19:50,0,,,United States,Miami,Person,,,,
Wet Leg,2022,Illuminations,2022-08-17,20:40,21:30,0,,,United Kingdom,Isle of Wight,Band,,,,90744b3e-363a-458e-8da1-e3e392a489c4
AURORA,2022,Illuminations,2022-08-17,22:20,23:10,0,,,Norway,Stavanger,Person,,,,484a4e90-6899-4e4b-a948-a2255d365340
Marc Rebillet,2022,Illuminations,2022-08-17,01:00,02:00,0,,,United States,Dallas,Person,,,,bcc23428-887a-426f-8ec3-19291782cdb4
Uncomfortable Knowledge,2022,Illuminations,2022-08-18,19:00,19:50,0,,,France,Gard,Bande,,,,
Bob Vylan,2022,Illuminations,2022-08-18,19:00,19:50,1,,,United Kingdom,London,Band,,,,d1bc5be1-f552-4e2e-95ae-da8d6a4d3c17
cleopatrick,2022,Illuminations,2022-08-18,20:40,21:30,0,,,Canada,Cobourg,Band,,,,69c8cacb-12a6-4cee-9221-02eb3c396c04
Central Cee,2022,Illuminations,2022-08-18,22:20,23:10,0,,,England,Shepherd's Bush,Person,,,,b0337af1-8d93-4671-b6c9-ba306bf942bf
Slowthai,2022,Illuminations,2022-08-18,23:50,00:40,0,,,United Kingdom,Northampton,Person,,,,333e76b4-9606-4fd3-bcb3-8e7660bb4d96
Gazo,2022,Illuminations,2022-08-18,01:40,02:30,0,,,France,Châteauroux,Person,,,,dae7d996-38fe-4578-bf75-1e2510f522bb
Chester Remington,2022,Illuminations,2022-08-19,17:20,18:00,0,,,France,Reims,Person,,,,efc0f724-75de-4adf-a970-c82dda24eb51
Wolf Alice,2022,Illuminations,2022-08-19,18:50,19:40,0,,,United Kingdom,London,Band,,,,3547f34a-db02-4ab7-b4a0-380e1ef951a9
Frank Carter & the Rattlesnakes,2022,Illuminations,2022-08-19,20:25,21:15,0,,,United Kingdom,London,Band,,,,2808f2b4-65f3-4f26-b937-a6fbb41825c2
Ziak,2022,Illuminations,2022-08-19,22:00,22:50,0,,,France,Évry,Person,,,,51e4cbfd-4484-4e15-933c-f89ae74cb962
Clutch,2022,Illuminations,2022-08-19,23:50,00:40,0,,,United States,Germantown,Band,,,,0cdb0359-5698-487d-9aae-a25fb4dcdc4d
KAS:ST,2022,Illuminations,2022-08-19,01:30,02:30,0,,Live,France,Paris,Band,,,,a3435bf6-a676-4e19-ae12-cd4ea49e2885
Who's The Cuban,2022,Illuminations,2022-08-20,18:20,19:00,0,,,France,Nancy,Band,,,,
DIIV,2022,Illuminations,2022-08-20,20:00,20:50,0,,,United States,Brooklyn,Band,,,,b5ff61dd-0154-4e80-b46b-c733f87db602
Noga Erez,2022,Illuminations,2022-08-20,21:50,22:40,0,,,Israel,Tel Aviv,Person,,,,06479724-ee7d-471e-a3d4-4554330a0293
Paris Texas,2022,Illuminations,2022-08-20,00:00,00:50,0,,,United States,Oakland,Band,,,,c2a41668-983f-4f73-af00-45000a252811
Bad Boy Chiller Crew,2022,Illuminations,2022-08-20,01:40,02:30,0,,,United Kingdom,Bradford,Band,,,,4db5a006-33ce-45b9-a624-cc57948c27ec
Albinoid Afrobeat Orchestra,2022,Illuminations,2022-08-21,15:10,15:50,0,,,France,Strasbourg,Band,,,,6ddf2180-ea10-4e34-bf5c-19a98015ffe5
Yemi Alade,2022,Illuminations,2022-08-21,16:40,17:30,0,,,Nigeria,Lagos,Person,,,,14ed2fab-d941-4b56-a06f-fa1cc93c23d6
Femi Kuti,2022,Illuminations,2022-08-21,18:20,19:10,0,,,Nigeria,Lagos,Person,,,,702d2b90-eef0-4354-b2c4-6366eba92b7f
Luidji,2022,Illuminations,2022-08-21,20:00,20:50,0,,,France,Clamart,Person,,,,d30b235e-0967-44a2-8338-2530806fe525
Eddy de Pretto,2022,Illuminations,2022-08-21,22:00,23:00,0,,,France,Créteil,Person,,,,f7431a56-ef33-4d93-9676-4492f9fb18cb
Youv Dee,2022,Razorback,2022-08-17,19:50,20:40,0,,,France,Boulogne-Billancourt,Person,,,,87206131-e85a-46ea-85a8-7ce199e8fe56
Wu-Lu,2022,Razorback,2022-08-17,21:30,22:20,0,,,United Kingdom,London,Person,,,,ad9beab9-86dd-4d44-a5ff-58456a78b7e7
Working Men's Club,2022,Razorback,2022-08-17,23:10,00:00,0,,,United Kingdom,Todmorden,Band,,,,
Protogonos,2022,Razorback,2022-08-18,18:20,19:00,0,,,France,Reims,Band,,,,5d4eecc4-b3b1-44d4-b13d-9a933657b49e
Disconnected,2022,Razorback,2022-08-18,19:50,20:30,0,,,France,Troyes,Band,,,,01848a33-9777-4232-85b1-696a704d8d46
VLURE,2022,Razorback,2022-08-18,21:30,22:20,,,,United Kingdom,Glasgow,Band,,,,d4bc4880-00d6-4e38-95fa-e84ea4737899
The Armed,2022,Razorback,2022-08-18,00:40,01:30,0,,,United States,Detroit,Band,,,,c3fd4256-eed9-41a2-8fb4-5ec827ce2a80
Somah,2022,Razorback,2022-08-19,18:00,18:40,0,,,France,Ardennes,Band,,,,c76ec80c-f663-41cb-a49d-3b78b73b8bdb
Frankie & The Witch Fingers,2022,Razorback,2022-08-19,19:40,20:25,0,,,United States,Los Angeles,Band,,,,
Yard Act,2022,Razorback,2022-08-19,21:15,22:00,0,,,Leeds,Leeds,Band,,,,c69af97b-4d3b-4f72-9746-829b6b9d5f88
Pink Siifu & Negro'6,2022,Razorback,2022-08-19,22:50,23:40,0,,,United States,Birmingham,Band,,,,
Meatbodies,2022,Razorback,2022-08-19,00:40,01:30,0,,,United States,Los Angeles,Band,,,,3ed638a7-5188-4be6-918c-9bbd68890b58
Cassels,2022,Razorback,2022-08-20,17:30,18:20,0,,,United Kingdom,Bristol,Band,,,,1782a3fb-9593-4446-9dfb-4168dbd23e62
Mad Foxes,2022,Razorback,2022-08-20,19:10,20:00,0,,,France,Nantes,Band,,,,e770edaf-ae43-4de0-99b5-c59734a1d57d
Lynks,2022,Razorback,2022-08-20,20:50,21:40,0,,,United Kingdom,London,Person,,,,d51a314e-e09e-45a7-a1fe-b45fabf78804
Molchat Doma,2022,Razorback,2022-08-20,22:40,23:30,0,,,Belarus,Minsk,Band,,,,11bcbbf4-1252-496a-b747-06942f3d76db
Wargasm,2022,Razorback,2022-08-20,00:50,01:40,0,,,United Kingdom,London,Band,,,,
Pales,2022,Razorback,2022-08-21,15:50,16:30,0,,,France,Strasbourg,Band,,,,12e93d72-49ce-4308-b98c-cfbbc0e27a17
Mojo Sapiens,2022,Razorback,2022-08-21,17:30,18:10,0,,,France,Strasbourg,Band,,,,
Parlor Snakes,2022,Razorback,2022-08-21,19:10,20:00,0,,,France,Paris,Band,,,,b4367831-511c-4196-849a-5d63bb0ba0be
Johnnie Carwash,2022,Razorback,2022-08-21,21:10,22:00,0,,,France,Lyon,Band,,,,a6847346-f132-47cc-94bc-b0b999d38bcd
La Pépite Musicale,2022,Temps des Cerises,2022-08-17,18:30,20:00,0,,,,,,,,,
Paleophone,2022,Temps des Cerises,2022-08-17,20:00,21:30,0,,,France,Ardennes,Person,,,,
Hernie Sanders,2022,Temps des Cerises,2022-08-17,21:30,23:00,0,,,France,Charleville-Mézières,Person,,,,
Radio Nova DJ Set,2022,Temps des Cerises,2022-08-18,18:00,20:00,0,,,France,Paris,Band,,,,
Helper,2022,Temps des Cerises,2022-08-18,20:00,21:50,0,,,France,Ardennes,Person,,,,18c7832b-1924-4be7-8494-14b666e9a6e6
Asher Selector,2022,Temps des Cerises,2022-08-18,22:00,02:00,0,,,Switzerland,Geneva,Person,,,,
Matilda Dona,2022,Temps des Cerises,2022-08-18,22:00,02:00,0,,,France,Bordeaux,Person,,,,
King Shone,2022,Temps des Cerises,2022-08-18,22:00,02:00,0,,Raspect Crew,Serbia,Pancevo,Person,,,,
Judah Roger,2022,Temps des Cerises,2022-08-18,22:00,02:00,0,,Raspect Crew,France,Paris,Person,,,,
T-Zion,2022,Temps des Cerises,2022-08-18,22:00,02:00,0,,Raspect Crew,France,Nancy,Person,,,,
Asher Selector,2022,Temps des Cerises,2022-08-19,16:00,19:50,0,,,Switzerland,Geneva,Person,,,,
Matilda Dona,2022,Temps des Cerises,2022-08-19,16:00,19:50,0,,,France,Bordeaux,Person,,,,
King Shone,2022,Temps des Cerises,2022-08-19,16:00,19:50,0,,Raspect Crew,Serbia,Pancevo,Person,,,,
Judah Roger,2022,Temps des Cerises,2022-08-19,16:00,19:50,0,,Raspect Crew,France,Paris,Person,,,,
T-Zion,2022,Temps des Cerises,2022-08-19,16:00,19:50,0,,Raspect Crew,France,Nancy,Person,,,,
Joh Erba,2022,Temps des Cerises,2022-08-19,20:00,23:00,0,,,Switzerland,Lausanne,Person,,,,
Otavio,2022,Temps des Cerises,2022-08-19,20:00,23:00,0,,,Switzerland,Lausanne,Person,,,,
Ian Ash,2022,Temps des Cerises,2022-08-19,23:00,02:00,0,,,Switzerland,Geneva,Person,,,,
Lord Funk,2022,Temps des Cerises,2022-08-19,23:00,02:00,0,,,France,Paris,Person,,,,0ffb3d44-c46e-4c8e-a639-7306c88180be
Sidney,2022,Temps des Cerises,2022-08-19,23:00,02:00,0,,,,,,,,,
Joh Erba,2022,Temps des Cerises,2022-08-20,16:00,19:00,0,,,Switzerland,Lausanne,Person,,,,
Otavio,2022,Temps des Cerises,2022-08-20,16:00,19:00,0,,,Switzerland,Lausanne,Person,,,,
Ian Ash,2022,Temps des Cerises,2022-08-20,19:00,22:00,0,,,Switzerland,Geneva,Person,,,,
Lord Funk,2022,Temps des Cerises,2022-08-20,19:00,22:00,0,,,France,Paris,Person,,,,0ffb3d44-c46e-4c8e-a639-7306c88180be
Sidney,2022,Temps des Cerises,2022-08-20,19:00,22:00,0,,,,,,,,,
Asher Selector,2022,Temps des Cerises,2022-08-20,22:10,02:00,0,,,Switzerland,Geneva,Person,,,,
Matilda Dona,2022,Temps des Cerises,2022-08-20,22:10,02:00,0,,,France,Bordeaux,Person,,,,
King Shone,2022,Temps des Cerises,2022-08-20,22:10,02:00,0,,Raspect Crew,Serbia,Pancevo,Person,,,,
Judah Roger,2022,Temps des Cerises,2022-08-20,22:10,02:00,0,,Raspect Crew,France,Paris,Person,,,,
T-Zion,2022,Temps des Cerises,2022-08-20,22:10,02:00,0,,Raspect Crew,France,Nancy,Person,,,,
Asher Selector,2022,Temps des Cerises,2022-08-21,15:00,18:00,0,,,Switzerland,Geneva,Person,,,,
Matilda Dona,2022,Temps des Cerises,2022-08-21,15:00,18:00,0,,,France,Bordeaux,Person,,,,
King Shone,2022,Temps des Cerises,2022-08-21,15:00,18:00,0,,Raspect Crew,Serbia,Pancevo,Person,,,,
Judah Roger,2022,Temps des Cerises,2022-08-21,15:00,18:00,0,,Raspect Crew,France,Paris,Person,,,,
T-Zion,2022,Temps des Cerises,2022-08-21,15:00,18:00,0,,Raspect Crew,France,Nancy,Person,,,,
La Pépite Musicale,2022,Temps des Cerises,2022-08-21,18:30,19:30,0,,,,,,,,,
Kepla Selecter,2022,Temps des Cerises,2022-08-21,19:30,21:00,0,,,France,Charleville-Mézières,Person,,,,
Parcels,2022,Zanzibar,2022-08-17,19:50,20:40,0,,,Germany,Berlin,Band,,,,5318e774-f5b6-4ee0-82cb-4dcf398c3ff8
Vald,2022,Zanzibar,2022-08-17,21:30,22:20,0,,,France,Bourg-En-Bresse,Person,,,,062ab94e-b7a5-47a9-b3f4-cc1750c3f859
Stromae,2022,Zanzibar,2022-08-17,23:15,00:45,0,,,Belgium,Brussels,Person,,,,ab2528d9-719f-4261-8098-21849222a0f2
Ty Segall & Freedom Band,2022,Zanzibar,2022-08-18,18:10,19:10,0,,,United States,Laguna Beach,Band,,,,1ee99d70-214b-4331-8214-9e5881f2388e
Pixies,2022,Zanzibar,2022-08-18,19:40,21:00,0,,,United States,Boston,Band,,,,b6b2bb8d-54a9-491f-9607-7b546023b433
Slipknot,2022,Zanzibar,2022-08-18,22:00,23:45,0,,,United States,Des Moines,Band,,,,a466c2a2-6517-42fb-a160-1087c3bafd9f
Laylow,2022,Zanzibar,2022-08-18,00:40,01:40,0,,,France,Toulouse,Person,,,,b04c952c-16c4-41ad-bd62-ace5047cdf6e
Little Simz,2022,Zanzibar,2022-08-19,19:30,20:20,0,,,United Kingdom,Camden,Person,,,,3cdb40fe-a63e-4bb9-b40d-17cda5f50979
H.E.R.,2022,Zanzibar,2022-08-19,21:00,22:00,0,,,United States,Vallejo,Person,,,,93998e01-ff53-4af7-ba2a-5674adcdf21e
Orelsan,2022,Zanzibar,2022-08-19,23:00,00:15,0,,,France,Caen,Person,,,,6cad3ce5-6380-4594-a8da-ae7d273b683d
Freeze Corleone,2022,Zanzibar,2022-08-19,01:00,02:00,0,SCH,,France,Les Lilas,Person,,,,c715bbba-fe0f-4cb1-be89-40aa8d2117f9
Gus Dapperton,2022,Zanzibar,2022-08-20,17:30,18:20,0,,,United States,Warwick,Person,,,,dd158dc3-33a8-45aa-af0c-d9bf13905d0a
Fontaines D.C.,2022,Zanzibar,2022-08-20,19:10,20:00,0,,,Ireland,Dublin,Band,,,,fd87acc7-e0a0-4a45-bc2a-d2ab5c10be68
Madness,2022,Zanzibar,2022-08-20,20:50,21:50,0,,,United Kingdom,Camden Town,Band,,,,5f58803e-8c4c-478e-8b51-477f38483ede
Liam Gallagher,2022,Zanzibar,2022-08-20,22:40,23:55,0,,,United Kingdom,Burnage,Person,,,,1f2345fa-344e-4863-a1d7-3958d57f4301
Vitalic,2022,Zanzibar,2022-08-20,00:55,02:10,0,,,France,Dijon,Person,,,,1f064e2d-aa55-4631-8f62-e2c14bbe1f4e
Tank & The Bangas,2022,Zanzibar,2022-08-21,15:50,16:40,0,,,United States,New Orleans,Band,,,,
Sopico,2022,Zanzibar,2022-08-21,17:30,18:20,0,,,France,Paris,Person,,,,e2e98f64-4b5b-497f-8534-7da6622361be
Gaëtan Roussel,2022,Zanzibar,2022-08-21,19:10,20:10,0,,,France,Rodez,Person,,,,3e2c4afa-36a0-4955-a5b2-7cf3949e038e
Véronique Sanson,2022,Zanzibar,2022-08-21,20:50,22:00,0,,,France,Boulogne-Billancourt,Person,,,,f1dc86d6-9f45-4736-8884-7fcafbccd876
SCH,2022,Zanzibar,2022-08-19,01:00,02:00,1,,,France,Marseille,Person,,,,070a4a70-705b-41ba-a30a-cac559c781f8
Noto,2023,Greenfloor,2023-08-16,18:00,18:40,0,,,France,Reims,Person,,,,
H JeuneCrack,2023,Greenfloor,2023-08-16,18:45,19:30,0,,,France,Toulouse,Person,,,,15b7fc10-a5f5-4258-ade0-3f5f2ac812f6
Kerchak,2023,Greenfloor,2023-08-16,20:25,21:10,0,,,France,Bois-Colombes,Person,,,,8eedc669-1461-4175-bfa5-99e0b49da603
Tygapaw,2023,Greenfloor,2023-08-16,21:30,22:40,0,,,United States,Brooklyn,Person,,,,ae0b0c4f-5423-4d28-8274-02c853326574
TAAHLIAH,2023,Greenfloor,2023-08-16,22:40,23:50,0,,,United Kingdom,Glasgow,Person,,,,77ede33e-27c6-4630-86c9-d322cf7b5349
Skin On Skin,2023,Greenfloor,2023-08-16,23:50,01:00,0,,,Australia,Brisbane,Person,,,,10135b81-56f2-47ee-8dbb-06be8577ea45
SHERELLE,2023,Greenfloor,2023-08-16,01:00,02:30,0,,,United Kingdom,London,Person,,,,f05d8710-bc94-4c83-a027-fa7b9744ab4d
Doria,2023,Greenfloor,2023-08-17,17:35,18:15,0,,,France,Nanterre,Person,,,,9c3219fe-c81a-4dbd-9bc5-89cfa7421944
Favé,2023,Greenfloor,2023-08-17,18:20,19:00,0,,,France,Saint-Leu-la-Forêt,Person,,,,98f3437b-c45d-4e74-9784-1603f3e9b8c3
FLOHIO,2023,Greenfloor,2023-08-17,19:05,19:45,0,,,United Kingdom,London,Person,,,,0340c513-506a-4c50-a9a8-2132837a0c80
Doums,2023,Greenfloor,2023-08-17,19:50,20:30,0,,,France,Paris,Person,,,,1a38eb50-a481-439b-8f03-1a4ea511d682
Osirus Jack,2023,Greenfloor,2023-08-17,20:35,21:15,0,,,France,Angers,Person,,,,d46628cf-fa87-4d47-8608-aae0f5e12880
Kenny Beats,2023,Greenfloor,2023-08-17,21:20,22:20,0,,,United States,Winthrop,Person,,,,
Overmono,2023,Greenfloor,2023-08-17,22:35,23:50,0,,,United Kingdom,London,Band,,,,b841d0f2-0a2a-4cb2-a2d8-9895b7f90bfa
Eris Drew,2023,Greenfloor,2023-08-17,00:00,01:20,0,,B2B Octo Octa,United States,Chicago,Person,,,,8cd2d139-7257-4d8c-9247-621bfb742e6e
Octo Octa,2023,Greenfloor,2023-08-17,00:00,01:20,0,,B2B Eris Drew,United States,New Hampshire,Person,,,,3fa65334-e3c4-4e83-b24f-5af5535ba462
Paula Temple,2023,Greenfloor,2023-08-17,01:20,02:40,0,,,United Kingdom,Manchester,Person,,,,c106c230-ab47-4550-adf2-d27db91f0b24
LEAK,2023,Greenfloor,2023-08-18,17:10,17:50,0,,,France,Strasbourg,Person,,,,16c0acfd-f35e-4d40-a6f3-43c51bcabb43
Dréya Mac,2023,Greenfloor,2023-08-18,18:00,18:45,0,,,United Kingdom,London,Person,,,,
winnterzuko,2023,Greenfloor,2023-08-18,18:55,19:45,0,,,France,Paris,Person,,,,e497e2d1-8ab0-42b3-a44f-43d8bff807ba
Bekar,2023,Greenfloor,2023-08-18,19:55,20:45,0,,,France,Roubaix,Person,,,,f5868fbb-f2a6-43ce-be63-fd0232385a31
GAZZI,2023,Greenfloor,2023-08-18,21:00,22:20,0,,,Spain,Linares,,,,,0bcaa453-6f55-45ee-b0b2-669815f87edb
Grove,2023,Greenfloor,2023-08-18,22:30,23:20,0,,,United Kingdom,Bristol,Person,,,,214d3b69-17d6-49a8-80ac-588231702dcc
Honey Dijon,2023,Greenfloor,2023-08-18,23:30,01:00,0,,,United States,Chicago,Person,,,,740c6238-3f5d-4e63-8836-826ad6c611ab
Crystallmess,2023,Greenfloor,2023-08-18,01:00,02:30,0,,,France,Paris,Person,,,,ef4ab147-2530-49e6-a90c-070951f01184
Limsa D'Aulnay,2023,Greenfloor,2023-08-19,17:00,17:40,0,,,France,Aunay-Sous-Bois,Person,,,,
J9ueve,2023,Greenfloor,2023-08-19,17:50,18:30,0,,,France,Paris,Person,,,,01900e53-b65b-4cfd-9be5-febf427be683
Vacra,2023,Greenfloor,2023-08-19,18:40,19:20,0,,,France,Fontainebleau,Person,,,,1a22b304-afa9-4d5c-ab0d-c6d717534af7
Jazzy Bazz,2023,Greenfloor,2023-08-19,19:30,20:20,0,,,France,Nantes,Person,,,,c6b786b4-0695-4fdc-954d-09612e74d9aa
Train Fantôme,2023,Greenfloor,2023-08-19,20:25,21:10,0,,,France,Paris,Band,,,,9619c6a7-f64c-42a9-8bbf-facd380b91e8
Belaria,2023,Greenfloor,2023-08-19,21:30,22:30,0,,,France,Paris,Person,,,,63204fe2-b4b9-4f76-b953-33c683de294c
Olympe4000,2023,Greenfloor,2023-08-19,22:30,23:30,0,,,France,Paris,Person,,,,240acb5f-b067-438f-b9fd-5328c732e7a1
LCY,2023,Greenfloor,2023-08-19,23:30,00:30,0,,,United Kingdom,London,Person,,,,629258f7-20d5-472b-87c0-21fd4917f547
RAUMM,2023,Greenfloor,2023-08-19,00:30,01:30,0,,,France,Paris,Person,,,,3b441732-414f-4008-8530-5577e8345be1
Dylan Dylan,2023,Greenfloor,2023-08-19,01:30,02:40,0,,,France,Montpellier,Person,,,,b585214c-85e7-4418-a29e-79fc11efd281
BRLZ,2023,Greenfloor,2023-08-20,15:40,16:20,0,,,France,Reims,Person,,,,8cbe04f0-9df3-4abe-b206-fb90e4c1c9fa
thaHomey,2023,Greenfloor,2023-08-20,16:30,17:10,0,,,France,Reims,Person,,,,4667a1be-3597-46f7-a2f5-69cdf3283450
Alkpote,2023,Greenfloor,2023-08-20,17:20,18:10,0,,,France,Paris,Person,,,,5468e013-de40-433c-acfb-69ceae0271c5
Rim'K,2023,Greenfloor,2023-08-20,18:20,19:10,0,,,France,Trappes,Person,,,,
Maraboutage,2023,Greenfloor,2023-08-20,19:30,20:40,0,,,France,Marseille,Band,,,,b5202a06-6f41-4e7a-ab24-0b05a70d5988
Flupke,2023,Greenfloor,2023-08-20,20:45,21:25,0,,,France,Strasbourg,Person,,,,
LB aka LABAT,2023,Greenfloor,2023-08-20,21:30,23:00,0,,,France,Lyon,Person,,,,11dceca3-6c90-449b-92d8-ab466ab045bc
Maeva,2023,Illuminations,2023-08-16,18:40,19:20,0,,,France,Strasbourg,Person,,,,e09cf70b-5bc4-4a8c-8a66-031eaf50a4d7
Aime Simone,2023,Illuminations,2023-08-16,20:30,21:20,0,,,France,Paris,Person,,,,7dfae155-08e0-4d6b-b092-4a6c5e95a725
Hamza,2023,Illuminations,2023-08-16,22:30,23:30,0,,,Belgium,Molenbeek-Saint-Jean,Person,,,,6a2244c9-3122-454e-b83d-b23e2968884e
Mandragora,2023,Illuminations,2023-08-16,01:10,02:20,0,,,France,Toulouse,Person,,,,dd8bf94e-0bb9-4f9b-9d8a-f3b8a40b62e2
The Yokel,2023,Illuminations,2023-08-17,17:00,17:40,0,,,France,Metz,Band,,,,5ed1a583-5c5e-407a-94d8-fa69e18d83f1
Hannah Grae,2023,Illuminations,2023-08-17,18:00,18:50,0,,,United Kingdom,London,Person,,,,f59588df-108e-48f5-9991-dc6b3394bad3
Bob Vylan,2023,Illuminations,2023-08-17,19:40,20:30,0,,,United Kingdom,London,Band,,,,d1bc5be1-f552-4e2e-95ae-da8d6a4d3c17
Sleaford Mods,2023,Illuminations,2023-08-17,21:30,22:20,0,,,United Kingdom,Nottingham,Band,,,,09d8290b-6ada-422f-8ce3-19349fb1c15d
070 Shake,2023,Illuminations,2023-08-17,23:40,00:30,0,,,United States,North Bergen,Person,,,,741dbc8e-1cd5-4a66-b2b8-43bbad87ae12
Scarlxrd,2023,Illuminations,2023-08-17,01:30,02:20,0,,,United Kingdom,Wolverhampton,Person,,,,f03c0c1d-eca8-4386-bdf7-566b6f950c3a
Kiplan,2023,Illuminations,2023-08-18,17:20,18:00,0,,,France,Reims,Band,,,,
The Selecter,2023,Illuminations,2023-08-18,18:50,19:40,0,,,United Kingdom,Coventry,Band,,,,1329faaf-799f-44e2-91f9-87fe52f17afd
Fishbach,2023,Illuminations,2023-08-18,20:20,21:10,0,,,France,Charleville-Mézières,Person,,,,
Viagra Boys,2023,Illuminations,2023-08-18,22:00,22:50,0,,,Sweden,Stockholm,Band,,,,9df0c0ec-619e-447d-a155-23e19d9c84ce
Fousheé,2023,Illuminations,2023-08-18,00:00,00:50,0,,,United States,Philadelphie,Person,,,,a298565e-d43e-46c4-b35c-bfe131258815
The Blessed Madonna,2023,Illuminations,2023-08-18,01:20,02:30,0,,,United States,Louisville,Person,,,,3f351696-75a2-4167-86b1-c5cd37770600
Lobo El & Cotchei,2023,Illuminations,2023-08-19,16:50,17:30,0,,,France,Nancy,Band,,,,
The Inspector Cluzo,2023,Illuminations,2023-08-19,18:30,19:20,0,,,France,Mont-de-Marsan,Band,,,,791564ac-90f2-409e-b623-eef85c721ef4
Dinos,2023,Illuminations,2023-08-19,20:00,21:00,0,,,France,Paris,Person,,,,ee782f62-1bdb-4a0b-8fc4-3bf2a8c1f979
Enhancer,2023,Illuminations,2023-08-19,21:40,22:40,0,,,France,Andrésy,Band,,,,d59f0c5f-ad7a-409a-834f-cbb66041e23b
Sleep Token,2023,Illuminations,2023-08-19,23:40,00:30,0,,,United Kingdom,London,Band,,,,775ad383-ac2d-479a-af9d-b561442cb749
Apashe,2023,Illuminations,2023-08-19,01:20,02:30,0,,,Belgium,Brussels,Person,,,,ce0724ab-2d63-415b-bbb1-839f97bb771a
Bobine,2023,Illuminations,2023-08-20,15:20,16:00,0,,,France,Nancy,Person,,,,
Thumpasaurus,2023,Illuminations,2023-08-20,16:40,17:30,0,,,Los Angeles,Los Angeles,Band,,,,a2f41b90-7541-4254-9303-fd227da66fcc
Pierre de Maere,2023,Illuminations,2023-08-20,18:20,19:10,0,,,Belgium,Uccle,Person,,,,5e07a62f-c3dd-4a72-b47f-ab64cc78cca1
Biga*Ranx,2023,Illuminations,2023-08-20,20:10,21:10,0,,,France,Nice,Person,,,,
Caballero & JeanJass,2023,Illuminations,2023-08-20,22:10,23:10,0,,High & Fines Herbes,Belgium,Brussels,Band,,,,09f03eb2-9c27-43ae-b5d1-43b9fbf9413b
Yurodivy,2023,Razorback,2023-08-16,18:40,19:20,0,,,France,Strasbourg,Band,,,,361d8b50-64ec-4029-915b-e1f3941e1751
Joe Unknown,2023,Razorback,2023-08-16,20:30,21:20,0,,,United Kingdom,London,Person,,,,dee6ad59-2087-4034-89c9-84e49728be5e
Scowl,2023,Razorback,2023-08-16,22:40,23:30,0,,,United States,Santa Cruz,Band,,,,c81f7820-ee5b-46ef-9b78-027d38b9a1aa
Zulu,2023,Razorback,2023-08-16,01:10,02:00,0,,,United States,Los Angeles,Band,,,,94556b3c-d308-40c6-adb6-47029e589cd9
Oi Boys,2023,Razorback,2023-08-17,18:00,18:40,0,,,France,Metz,Band,,,,1ab360eb-b63c-4d55-a183-280b53924468
R.A.P Ferreira,2023,Razorback,2023-08-17,19:40,20:30,0,,,United States,Kenosha,Person,,,,
Ark'an Asrafokor,2023,Razorback,2023-08-17,21:30,22:20,0,,,,,,,,,
clipping.,2023,Razorback,2023-08-17,23:40,00:30,0,,,United States,Los Angeles,Band,,,,84ca8fa4-7cca-4948-a90a-cb44db29853d
DITZ,2023,Razorback,2023-08-17,01:30,02:20,0,,,United Kingdom,Brighton,Band,,,,bd0f9f45-22c2-4566-b2cc-3c255ceb6e76
TERNE,2023,Razorback,2023-08-18,17:20,18:00,0,,,France,Mulhouse,Band,,,,37aa77bd-627d-460c-83de-4c93a1e0a4f7
Benefits,2023,Razorback,2023-08-18,18:50,19:30,0,,,United Kingdom,Stockton-on-Tees,Band,,,,e80c1c9f-fbc7-410a-9c51-b0362eeca38b
Coach Party,2023,Razorback,2023-08-18,20:20,21:10,0,,,United Kingdom,Isle of Wight,Band,,,,ec44206a-c3cc-419d-9ef9-08971c1297dd
Gilla Band,2023,Razorback,2023-08-18,22:00,22:50,0,,,Ireland,Dublin,Band,,,,9018ba16-a391-4a08-af8c-21cdc52672c2
Ten 56,2023,Razorback,2023-08-18,00:10,01:00,0,,,France,Paris,Band,,,,
The Drama Kings,2023,Razorback,2023-08-19,16:50,17:30,0,,,France,Paris,Band,,,,
Lambrini Girls,2023,Razorback,2023-08-19,18:30,19:20,0,,,United Kingdom,Brighton,Band,,,,4eeea7eb-7554-48cb-9e50-c26d434ed9ef
KennyHoopla,2023,Razorback,2023-08-19,20:00,20:50,0,,,United States,Madison,Person,,,,c8e48299-2214-4be5-84ba-113adc5efb35
Lithium,2023,Razorback,2023-08-19,21:50,22:40,0,,,France,Paris,Band,,,,
LANDMVRKS,2023,Razorback,2023-08-19,00:30,01:20,0,,,France,Marseille,Band,,,,8e9ed070-ed81-4c04-9d47-68cf571507cb
Red Rocket 7,2023,Razorback,2023-08-20,16:40,17:30,0,,,France,Charleville-Mézières,Band,,,,7469bb7f-e4e4-4e40-9325-b3a92306c7c2
Death Valley Girls,2023,Razorback,2023-08-20,19:20,19:10,0,,,United States,Los Angeles,Band,,,,987c6ccf-d4c5-4f23-938a-c0a21782803d
Kid Kapichi,2023,Razorback,2023-08-20,20:10,21:00,0,,,United Kingdom,Hastings,Band,,,,b0e1beff-2561-44c2-9c25-5f5fa9f41984
The Psychotic Monks,2023,Razorback,2023-08-20,22:10,23:00,0,,,France,Paris,Band,,,,c9faf802-45b0-44fc-ba9e-6bb17a9f9335
WeRenoi,2023,Zanzibar,2023-08-16,19:35,20:20,0,,,France,Melun,Person,,,,6fcc034a-f0a7-4084-a205-b6622ff9cfd0
Damso,2023,Zanzibar,2023-08-16,21:20,22:20,0,,,Belgium,Brussels,Person,,,,71ff695e-896a-4043-aea4-93eadde08d09
Calvin Harris,2023,Zanzibar,2023-08-16,23:40,01:10,0,,,Scotland,Dumfries,Person,,,,8dd98bdc-80ec-4e93-8509-2f46bafc09a7
Amyl and the Sniffers,2023,Zanzibar,2023-08-17,18:50,19:40,0,,,Australia,Melbourne,Band,,,,0f74b263-65bf-4027-9708-45aadf40122d
Turnstile,2023,Zanzibar,2023-08-17,20:30,21:30,0,,,United States,Baltimore,Band,,,,7b748dac-f5ce-45a7-9b95-c1d8b5b013ed
Black Eyed Peas,2023,Zanzibar,2023-08-17,22:20,23:35,0,Lomepal,,United States,Los Angeles,Band,,,,d5be5333-4171-427e-8e12-732087c6b78e
YUNGBLUD,2023,Zanzibar,2023-08-17,00:30,01:30,0,,,United Kingdom,Doncaster,Person,,,,97529a9e-4b5a-4a9c-9c08-c42401d1c268
Aloïse Sauvage,2023,Zanzibar,2023-08-18,18:00,18:50,0,,,France,Paris,Person,,,,6c6c3672-61bd-43d6-aa57-31c6c3d10298
Zola,2023,Zanzibar,2023-08-18,19:30,20:20,0,,,France,Évry-Courcouronnes,Person,,,,3134d99c-a372-424a-9f65-d2dacfdccaba
Christine and the Queens,2023,Zanzibar,2023-08-18,21:00,22:00,0,,,France,Nantes,Person,,,,9c90ffbf-b137-4dee-bfcc-b8010787840d
The Chemical Brothers,2023,Zanzibar,2023-08-18,22:45,00:15,0,,,United Kingdom,Manchester,Band,,,,1946a82a-f927-40c2-8235-38d64f50d043
PLK,2023,Zanzibar,2023-08-18,01:00,02:00,0,,,France,Paris,Person,,,,55304866-1b79-4365-a6b1-961c95e9fc57
Wolfmother,2023,Zanzibar,2023-08-19,17:40,18:30,0,,,Australia,Sydney,Band,,,,f0c8f75f-8736-4b1d-b312-9349fcff321d
Rise of the Northstar,2023,Zanzibar,2023-08-19,19:10,20:00,0,,,France,Paris,Band,,,,13fc6434-1d2b-49f5-a1cb-b38358b5a15f
Dropkick Murphys,2023,Zanzibar,2023-08-19,20:40,21:50,0,,,United States,Boston,Band,,,,e8374874-4178-4869-b92e-fef6bf30dc04
Cypress Hill,2023,Zanzibar,2023-08-19,22:40,23:50,0,,,United States,South Gate,Band,,,,51508c1f-8d07-4a00-9cf1-26c570fe7b78
Skip the Use,2023,Zanzibar,2023-08-19,00:40,01:40,0,,,France,Lille,Band,,,,1c346a43-0fba-4702-bc1b-c198f07e3da4
Soolking,2023,Zanzibar,2023-08-20,17:30,18:20,0,,,France,Paris,Person,,,,530a9937-4229-4d7e-8457-4853d7d5dd7a
Selah Sue,2023,Zanzibar,2023-08-20,19:10,20:10,0,,,Belgium,Louvain,Person,,,,fefeb63b-9430-4fe8-a332-0c400351af50
Juliette Armanet,2023,Zanzibar,2023-08-20,21:00,22:10,0,,,France,Lille,Person,,,,bfc041af-595d-4a0d-9026-8bce9aab3e53
Asher Selector,2023,Zion Club,2023-08-16,19:30,21:30,0,,,Switzerland,Geneva,Person,,,,
Matilda Dona,2023,Zion Club,2023-08-16,19:30,21:30,0,,,France,Bordeaux,Person,,,,
Young Warrior,2023,Zion Club,2023-08-16,21:30,23:15,0,,,United Kingdom,London,Person,,,,b0cbc362-0c06-4623-be57-b770567f1f42
Channel One,2023,Zion Club,2023-08-16,23:15,02:00,0,,,United Kingdom,London,Person,,,,a110acfe-212d-44b2-b729-18f0f94ce47e
Asher Selector,2023,Zion Club,2023-08-17,17:30,20:30,0,,,Switzerland,Geneva,Person,,,,
Matilda Dona,2023,Zion Club,2023-08-17,17:30,20:30,0,,,France,Bordeaux,Person,,,,
Earl Sixteen,2023,Zion Club,2023-08-17,17:30,20:30,0,,,Jamaica,Kingston,Person,,,,88a6b8e9-9388-456e-86f1-e2835316e12d
Eastern Roots,2023,Zion Club,2023-08-17,20:30,23:30,0,,,United Kingdom,London,Band,,,,74eea64d-4740-4805-884f-7f46289a065c
Aba Shanti-I,2023,Zion Club,2023-08-17,23:30,02:30,0,,,United Kingdom,London,Person,,,,04879249-2acb-418b-b9a4-9fe56f4daea5
Asher Selector,2023,Zion Club,2023-08-18,16:30,18:30,0,,,Switzerland,Geneva,Person,,,,
Matilda Dona,2023,Zion Club,2023-08-18,16:30,18:30,0,,,France,Bordeaux,Person,,,,
Danman,2023,Zion Club,2023-08-18,16:30,18:30,0,,,France,Paris,Person,,,,
Kiraden,2023,Zion Club,2023-08-18,18:30,21:00,0,,,France,Dijon,Band,,,,
OBF,2023,Zion Club,2023-08-18,21:00,23:30,0,,,Switzerland,Genève,Band,,,,
Charlie P,2023,Zion Club,2023-08-18,21:00,23:30,0,,,Essex,"Southend-on-Sea ",Person,,,,114c7a42-81c8-4d19-b79c-e2d6a26a9c69
Junior Roy,2023,Zion Club,2023-08-18,21:00,23:30,0,,,France,Paris,Person,,,,
Iration Steppas,2023,Zion Club,2023-08-18,23:30,02:30,0,,,United Kingdom,Leeds,Band,,,,74e173c0-5f8e-407f-82e0-ff148a2c65f6
Macky Banton,2023,Zion Club,2023-08-18,23:30,02:30,0,,,United Kingdom,London,Person,,,,ad31ab7a-9f9e-4158-a017-c07b3ca8e34e
Asher Selector,2023,Zion Club,2023-08-19,16:30,20:30,,,,Switzerland,Geneva,Person,,,,
Matilda Dona,2023,Zion Club,2023-08-19,16:30,20:30,,,,France,Bordeaux,Person,,,,
Danman,2023,Zion Club,2023-08-19,16:30,20:30,,,,France,Paris,Person,,,,
Sip-A-Cup,2023,Zion Club,2023-08-19,20:30,23:30,0,,,United Kingdom,London,Group,,,,
Gussie P,2023,Zion Club,2023-08-19,20:30,22:30,0,,,United Kingdom,London,Person,,,,9e153179-2fb1-48b9-823e-4e24b1125a9d
Jah Tubby's,2023,Zion Club,2023-08-19,23:30,02:30,0,,,United Kingdom,London,Group,,,,
Roots Day,2023,Zion Club,2023-08-20,16:00,18:00,0,,,,,,,,,
Asher Selector,2023,Zion Club,2023-08-20,15:30,19:00,,,,Switzerland,Geneva,Person,,,,
Matilda Dona,2023,Zion Club,2023-08-20,15:30,19:00,,,,France,Bordeaux,Person,,,,
Danman,2023,Zion Club,2023-08-20,15:30,19:00,,,,France,Paris,Person,,,,
Kiraden,2023,Zion Club,2023-08-20,19:00,23:30,0,,,France,Dijon,Band,,,,
Ashnikko,2023,,,,,1,,,United Kingdom,London,Person,,,,6dee6b6f-aa72-424c-9c8c-0d31ba5ff673
Lomepal,2023,,,,,1,,,France,Paris,Person,,,,5386511f-b7bd-4058-9b5e-2c5dc426e1c9
Gonzy,2024,Greenfloor,2024-08-15,16:30,17:10,0,,,France,Reims,Person,,,,8c771220-3993-43a7-b157-1c001f4a1ddd
Kay the Prodigy,2024,Greenfloor,2024-08-15,17:25,18:05,0,,,France,Strasbourg,Person,,,,e386df5d-5628-4bd0-917a-2d76c79363bb
Cristale,2024,Greenfloor,2024-08-15,18:15,18:55,0,,,United Kingdom,London,Person,,,,59527252-58bc-47cb-bc0c-60b58460700a
Merveille,2024,Greenfloor,2024-08-15,19:20,20:00,0,,,France,Paris,Person,,,,018ac82c-b8c2-4d30-9878-78ba7372f525
Tatyana Jane,2024,Greenfloor,2024-08-15,21:30,22:30,0,,,France,Paris,Person,,,,dce65c16-b721-42bf-9d22-3737d1796320
Bu$hi,2024,Greenfloor,2024-08-15,22:40,23:25,0,,,France,Lyon,Person,,,,100616d1-c61c-4de8-8e99-9ea2e19578db
Olympe4000,2024,Greenfloor,2024-08-15,23:40,01:00,0,,,France,Paris,Person,,,,240acb5f-b067-438f-b9fd-5328c732e7a1
Paula Temple,2024,Greenfloor,2024-08-15,01:00,02:30,0,,,United Kingdom,Manchester,Person,,,,c106c230-ab47-4550-adf2-d27db91f0b24
Youssef Swatt's,2024,Greenfloor,2024-08-16,17:00,17:40,0,,,Belgium,Tournai,Person,,,,
Jolagreen23,2024,Greenfloor,2024-08-16,18:00,18:40,0,,,France,Bois-Colombes,Person,,,,efe6a158-93c9-4bcd-899f-a1c9ef2da7dd
Vanille,2024,Greenfloor,2024-08-16,19:00,20:00,0,,,United Kingdom,London,Person,,,,
COUCOU CHLOE,2024,Greenfloor,2024-08-16,20:20,21:05,0,,,France,Nice,Person,,,,882cffeb-8e89-495e-a107-dd84b4d2ef3d
Cobrah,2024,Greenfloor,2024-08-16,21:30,22:20,0,,,Sweden,Gothenburg,Person,,,,3574047b-f0d3-4982-b187-16e430f2474d
LSDXOXO,2024,Greenfloor,2024-08-16,22:35,23:25,0,,Live,Germany,Berlin,Person,,,,c2710100-a9e9-46e9-bae7-4677333cd0eb
Adiel,2024,Greenfloor,2024-08-16,23:40,00:50,0,,,Italy,Roma,Person,,,,ff16665e-6e68-4460-baaf-06709b884a41
Irène Drésel,2024,Greenfloor,2024-08-16,01:10,02:30,0,,,France,Paris,Person,,,,e0b68b62-595d-4a51-8fa6-0c409e2731b3
O?Ni,2024,Greenfloor,2024-08-17,16:30,17:10,0,,,France,Dijon,Person,,,,
Zequin,2024,Greenfloor,2024-08-17,17:30,18:10,0,,,France,Colombes,Person,,,,1b51b40b-73c4-4656-a272-833b311a31b6
Yvnnis,2024,Greenfloor,2024-08-17,18:30,19:10,0,,,France,Fontenay-sous-Bois,Person,,,,e98b5ad0-a69f-48aa-990b-de955cde1310
Rounhaa,2024,Greenfloor,2024-08-17,19:30,20:10,0,,,Switzerland,Genève,Person,,,,1c1d1ff4-d8b9-47d0-832a-c26914e2cec3
Urumi,2024,Greenfloor,2024-08-17,20:20,21:20,0,,,France,Paris,Person,,,,b099f5b7-395c-40c4-a1aa-58e26af6cc14
HiTech,2024,Greenfloor,2024-08-17,21:30,22:40,0,,,United States,Detroit,Band,,,,03a47c9d-f4d8-4445-b229-920285d7a1af
Jersey,2024,Greenfloor,2024-08-17,22:45,23:45,0,,,France,Paris,Band,,,,
Gabber Eleganza,2024,Greenfloor,2024-08-17,23:50,01:10,0,,,Germany,Berlin,Person,,,,c112d733-142c-4bc7-afc4-5d813c2b75a4
FJAAK,2024,Greenfloor,2024-08-17,01:10,02:30,0,,,Germany,Berlin,Band,,,,56acaa47-eb2f-43d7-a1f1-19466c550e31
M.Ö.S,2024,Greenfloor,2024-08-18,15:45,16:25,0,,,France,Charleville-Mézières,Person,,,,
Yuston XIII,2024,Greenfloor,2024-08-18,16:40,17:20,0,,,France,Lyon,Person,,,,2d0ee72f-8c7d-47e2-aaa8-80a710555e22
BEN plg,2024,Greenfloor,2024-08-18,17:35,18:15,0,,,France,Saint-Omer,Person,,,,5cc730f4-00ed-4298-8d1d-6fe90a0291eb
Lesram,2024,Greenfloor,2024-08-18,18:30,19:10,0,,,France,Le Pré-Saint-Gervais,Person,,,,a20a43a5-d390-4c58-8d81-aaecfbcf6213
Guy2Bezbar,2024,Greenfloor,2024-08-18,19:30,20:15,0,,,France,Paris,Person,,,,368f3a86-e100-44e3-a65e-3f93b60a0cc1
Nana Benz du Togo,2024,Greenfloor,2024-08-18,20:30,21:20,0,,,Togo,Lomé,Band,,,,4d7332bc-811b-4f32-a732-6be7cf9971e6
Molecule,2024,Greenfloor,2024-08-18,21:30,22:30,0,,,France,Grenoble,Person,,,,319a4533-5cde-4029-bf31-b20c60f0d8f7
Mina & Bryte,2024,Greenfloor,2024-08-18,22:40,23:40,0,,,Ghana,Accra,Band,,,,
Joy (Anonymous),2024,Greenfloor,2024-08-18,23:40,00:40,0,,,United Kingdom,London,Band,,,,
M.A.O. Cormontreuil,2024,Illuminations,2024-08-15,17:40,18:20,0,,,France,Reims,Band,,,,3ed721e7-4597-4a8c-94ca-32e0cbdd1bd3
Flogging Molly,2024,Illuminations,2024-08-15,19:10,20:00,0,,,United States,Los Angeles,Band,,,,c3694ddc-f7e5-40dd-9fad-90d11a2c50fa
Hugo TSR,2024,Illuminations,2024-08-15,21:30,22:20,0,,,France,Paris,Person,,,,ae5e8cc8-931d-4756-b315-4075609a2ec2
Teddy Swims,2024,Illuminations,2024-08-15,23:30,00:30,0,,,United States,Canton,Person,,,,35feae82-8b2c-4f8f-ae7a-af5662848947
Lucie Antunes,2024,Illuminations,2024-08-16,17:35,18:20,0,,,France,Perpignan,Person,,,,740a7210-a010-4eda-8479-6274d029e0a3
Houdi,2024,Illuminations,2024-08-16,19:00,19:40,0,,,France,Seine-et-Marne,Person,,,,08629d18-2a02-4f41-87fe-7129e7dff06e
TIF,2024,Illuminations,2024-08-16,19:30,20:30,1,,,France,Paris,Person,,,,2a27caa4-6bb0-480a-9968-211502b132c1
Teezo Touchdown,2024,Illuminations,2024-08-16,20:30,21:20,0,,,United States,Beaumont,Person,,,,f1660eaa-929f-48d4-9926-9aaa61afa52f
Meryl,2024,Illuminations,2024-08-16,20:30,21:15,1,,,France,Le Lamentin,Person,,,,5073c6cf-1f12-4a4d-8c3d-4318da38df63
Kaaris,2024,Illuminations,2024-08-16,22:40,23:30,0,Meryl,,France,Sevran,Person,,,,81920682-bb79-4b62-afa8-fe8dece0227c
Luther,2024,Illuminations,2024-08-16,00:30,01:20,0,,,France,Niort,Person,,,,1a30ade9-0c3a-4d7d-b127-507d7883fb28
Romain Muller,2024,Illuminations,2024-08-17,16:40,17:20,0,,,France,Metz,Person,,,,789886ee-6ae5-40e8-8fb7-867b78d5a6a0
Hervé,2024,Illuminations,2024-08-17,18:00,18:50,0,,,United Kingdom,Saint-Cyr-L'École,Person,,,,942075c2-c929-4e1e-922b-f8d7f2d436b5
Dabeull,2024,Illuminations,2024-08-17,19:40,20:30,0,,Live Band,France,Paris,Person,,,,f543ad5c-f165-47bf-bd68-744989828314
La Fève,2024,Illuminations,2024-08-17,21:20,22:10,0,,,Paris,Fontenay-sous-Bois,Person,,,,2c832944-52b6-428e-8d36-5d2cbc7121d9
Kenya Grace,2024,Illuminations,2024-08-17,23:10,00:00,0,,,United Kingdom,Southampton,Person,,,,94c4459d-4c35-4bc6-8bca-c75107515c1c
Vladimir Cauchemar,2024,Illuminations,2024-08-17,01:15,02:15,0,,,France,Reims,Person,,,,fb5b5da8-61f3-445e-8e2d-f9873b330b13
Xavier Rudd,2024,Illuminations,2024-08-18,16:40,17:30,0,,,Australia,Torquay,Person,,,,6689a626-4de7-41d5-9ec3-5a289472a9e2
Say She She,2024,Illuminations,2024-08-18,18:20,19:10,0,,,United States,Brooklyn,Band,,,,64dad611-8ada-4696-ac5f-ecb8bf73d51b
Mass Hysteria,2024,Illuminations,2024-08-18,20:00,21:00,0,,,France,Paris - Paris,Band,,,,38a35139-7ef9-44e1-a565-e1018b4a7635
Liberato,2024,Illuminations,2024-08-18,22:15,23:15,0,,,Italy,Napoli,Person,,,,04556f2a-a4d0-4d8e-891c-107afb47b3b6
!AYYA!,2024,Razorback,2024-08-15,17:00,17:40,0,,,France,Nancy,Band,,,,ef0f94d3-402e-4a93-8262-aafbae22be20
Blondshell,2024,Razorback,2024-08-15,19:10,19:55,0,,,United States,Los Angeles,Person,,,,f6621a8d-5644-460a-b0a8-9171cb2c595d
Resolve,2024,Razorback,2024-08-15,21:30,22:20,0,,,France,Lyon,Band,,,,eb787615-da9d-4dd9-bc9f-feb3cb1092de
The Clockworks,2024,Razorback,2024-08-15,23:40,00:30,0,,,Ireland,Galway,Band,,,,51616baa-51db-41a0-8a2f-26a00d02ac0a
SLIFT,2024,Razorback,2024-08-15,01:40,02:30,0,,,France,Toulouse,Band,,,,3d303095-020a-4b65-9419-b91a574c8c9b
IPPON,2024,Razorback,2024-08-16,17:00,18:10,0,,,France,Nancy,Band,,,,eac41f62-db9e-4206-8eb9-fda86ac09869
Nation of Language,2024,Razorback,2024-08-16,19:00,19:50,0,,,United States,Brooklyn,Band,,,,88927646-0c28-4b1b-a69e-cb33c400d650
Baby Queen,2024,Razorback,2024-08-16,20:30,21:20,0,,,United Kingdom,London,Person,,,,31f7decf-2448-43f4-b792-3dfb8ea1d030
Chalk,2024,Razorback,2024-08-16,22:30,23:20,0,,,Ireland,Belfast,Band,,,,d8339825-470a-4dde-9792-d5c724e14e18
Chester Remington,2024,Razorback,2024-08-16,00:30,01:20,0,,,France,Reims,Person,,,,efc0f724-75de-4adf-a970-c82dda24eb51
Mannequin Pussy,2024,Razorback,2024-08-16,,01:30,1,,,United States,Philadelphia,Band,,,,e160f589-dbe6-4b8f-88b5-f528ff4443b4
June,2024,Razorback,2024-08-17,16:40,17:20,0,,,France,Charleville-Mézières,Band,,,,
Contremeute,2024,Razorback,2024-08-17,18:00,18:40,0,,,France,Strasbourg,Band,,,,
METZ,2024,Razorback,2024-08-17,19:40,20:30,0,,,Canada,Toronto,Band,,,,449c400c-8312-4c1d-bed8-c8d774090759
Red Fang,2024,Razorback,2024-08-17,21:30,22:20,0,,,United States,Portland,Band,,,,fb2cc158-0ad2-4dc5-a6b6-b2a1a8e2fe65
High Vis,2024,Razorback,2024-08-17,23:10,00:00,0,,,England,London,Band,,,,29acd2bb-7e67-4722-97ed-472e365ae860
Born of Osiris,2024,Razorback,2024-08-17,01:20,02:10,0,,,United States,Palatine,Band,,,,132ca1ea-0891-420f-b129-50247bb144b5
Laventure,2024,Razorback,2024-08-18,15:45,16:25,0,,,France,Strasbourg,Person,,,,
Paleface Swiss,2024,Razorback,2024-08-18,16:50,17:30,0,,,Switzerland,Zurich,Band,,,,6be0e54b-d3ff-4c17-b7e6-f82d0f624a47
Joey Valence & Brae,2024,Razorback,2024-08-18,18:20,19:10,0,,,United States,State College,Band,,,,93a4d03b-4f0e-42da-ae0b-a62876e46071
NEIL FRANCES,2024,Razorback,2024-08-18,20:10,21:00,0,,,United States,Los Angeles,Band,,,,c4a1d94a-b37b-4d1a-8449-e3f8c65beecb
HotWax,2024,Razorback,2024-08-18,22:15,23:00,0,,,United Kingdom,Hastings,Band,,,,1fc03f43-4ae5-4e78-b322-792f37d150e1
Destroy Boys,2024,Zanzibar,2024-08-15,18:20,19:10,0,,,United States,Sacramento,Band,,,,ff4d8f86-9910-44b9-af31-dca51a6638a1
PJ Harvey,2024,Zanzibar,2024-08-15,20:05,21:20,0,,,United Kingdom,Bridport,Person,,,,e795e03d-b5d5-4a5f-834d-162cfb308a2c
Fontaines D.C.,2024,Zanzibar,2024-08-15,22:30,23:30,0,,,Ireland,Dublin,Band,,,,fd87acc7-e0a0-4a45-bc2a-d2ab5c10be68
Macklemore,2024,Zanzibar,2024-08-15,00:30,01:40,0,,,United States,Seattle,Person,,,,b6d7ec94-830c-44dd-b699-ce66556b7e55
Maureen,2024,Zanzibar,2024-08-16,18:20,19:05,0,,,France,Fort-de-France,Person,,,,c3aff0da-1330-4068-b84f-c8e1370f58d2
Shay,2024,Zanzibar,2024-08-16,19:40,20:30,0,,,Belgium,Brussels,Person,,,,20b36b99-c141-4ff6-8dfd-c6d2d26bb424
Ninho,2024,Zanzibar,2024-08-16,21:20,22:30,0,,,France,Longjumeau,Person,,,,41fe37a6-f4bb-4340-9c14-e2c8e5d854f1
21 Savage,2024,Zanzibar,2024-08-16,23:30,00:30,0,,,United States,Atlanta,Person,,,,37b2cb82-ef79-4d46-a184-a549450aa231
SCH,2024,Zanzibar,2024-08-16,01:20,02:20,0,,,France,Marseille,Person,,,,070a4a70-705b-41ba-a30a-cac559c781f8
Crystal Murray,2024,Zanzibar,2024-08-17,17:20,18:00,0,,,France,Paris,Person,,,,28618ae8-bf38-45ab-8517-2fe79933aacf
Yamê,2024,Zanzibar,2024-08-17,18:50,19:40,0,,,France,Cergy-Pontoise,Person,,,,9746cc74-449a-433a-90cd-d85a96bd799a
The Libertines,2024,Zanzibar,2024-08-17,20:30,21:30,0,,,United Kingdom,London,Band,,,,82b304c0-7da4-45d3-896a-0767c7ae1141
Fonky Family,2024,Zanzibar,2024-08-17,22:00,23:10,0,,,France,Marseille,Band,,,,dfbc2d9e-d1c0-442b-970f-af28bb597537
Justice,2024,Zanzibar,2024-08-17,00:00,01:15,0,,,France,Paris,Band,,,,860b2707-6153-4e3a-aa57-74d2b42c55b5
Nova Twins,2024,Zanzibar,2024-08-18,17:30,18:20,0,,,United Kingdom,London,Band,,,,6a81fbbc-acea-4221-9199-957842125078
Louis Tomlinson,2024,Zanzibar,2024-08-18,19:10,20:10,0,,,England,Doncaster,Person,,,,6d390061-b3cd-4db3-b905-e56b7f5357fd
Shaka Ponk,2024,Zanzibar,2024-08-18,21:00,22:15,0,,,France,Paris,Band,,,,50bb66d4-63d1-4483-afbc-dc8993d76cbd
Korn,2024,Zanzibar,2024-08-18,23:20,00:40,0,,,United States,Bakersfield,Band,,,,
Kiraden,2024,Zion Club,2024-08-15,16:30,19:00,0,,,France,Dijon,Band,,,,
Asher Selector,2024,Zion Club,2024-08-15,19:00,21:30,0,,,Switzerland,Geneva,Person,,,,
Matilda Dona,2024,Zion Club,2024-08-15,19:00,21:30,0,,,France,Bordeaux,Person,,,,
Mad Professor,2024,Zion Club,2024-08-15,21:30,23:20,0,,,United Kingdom,London,Person,,,,ea3b97e8-8a76-4ea7-8e6f-3ebf40acaeb8
Sista Aisha,2024,Zion Club,2024-08-15,21:30,23:20,0,,,United Kingdom,"Wolverhampton ",Person,,,,
Joe Ariwa,2024,Zion Club,2024-08-15,23:20,01:00,0,,,United Kingdom,London,Person,,,,a6902941-99d6-4eee-9132-4639f1185acf
General Levy,2024,Zion Club,2024-08-15,23:20,01:00,0,,,United Kingdom,London,Person,,,,c0515731-5824-458f-a38c-fc463c9157fa
Vibronics,2024,Zion Club,2024-08-15,01:00,02:30,0,,,United Kingdom,London,Band,,,,0f43b78a-575b-4bd1-b538-840c474800aa
Gully Roots,2024,Zion Club,2024-08-16,16:45,18:45,0,,,United Kingdom,London,Person,,,,
Melodic Rockers,2024,Zion Club,2024-08-16,18:45,20:45,0,,,United Kingdom,Slough,Band,,,,
Indica Dub,2024,Zion Club,2024-08-16,20:45,22:45,0,,,United Kingdom,London,Band,,,,
Asher Selector,2024,Zion Club,2024-08-16,22:45,00:45,0,,,Switzerland,Geneva,Person,,,,
Matilda Dona,2024,Zion Club,2024-08-16,22:45,00:45,0,,,France,Bordeaux,Person,,,,
King Original,2024,Zion Club,2024-08-16,00:45,02:15,0,,,United Kingdom,London,Band,,,,
Asher Selector,2024,Zion Club,2024-08-17,16:30,18:30,0,,,Switzerland,Geneva,Person,,,,
Matilda Dona,2024,Zion Club,2024-08-17,16:30,18:30,0,,,France,Bordeaux,Person,,,,
Qualitex Roots Vibration,2024,Zion Club,2024-08-17,18:30,20:30,0,,,United Kingdom,Bristol,Band,,,,
Sasha Steppa,2024,Zion Club,2024-08-17,20:30,22:30,0,,,United Kingdom,Bristol,Band,,,,0db0af26-5a0e-4246-a991-3e4a5f2230d1
Kiraden,2024,Zion Club,2024-08-17,22:30,00:30,0,,,France,Dijon,Band,,,,
W.S.P,2024,Zion Club,2024-08-17,00:30,02:30,0,,,United Kingdom,London,Band,,,,
Jimmy Ranks,2024,Zion Club,2024-08-17,00:30,02:30,0,,,United Kingdom,London,Person,,,,e4d185ee-b296-4f87-88dc-53e0f236705b
Asher Selector,2024,Zion Club,2024-08-18,15:30,19:00,0,,,Switzerland,Geneva,Person,,,,
Matilda Dona,2024,Zion Club,2024-08-18,16:45,19:00,0,,,France,Bordeaux,Person,,,,
Kiraden,2024,Zion Club,2024-08-18,19:00,21:30,0,,,France,Dijon,Band,,,,
Aba Shanti-I,2024,Zion Club,2024-08-18,21:30,00:00,0,,,United Kingdom,London,Person,,,,04879249-2acb-418b-b9a4-9fe56f4daea5
Queens of the Stone Age,2024,,,,,1,,,United States,Palm Desert,Band,,,,7dc8f5bd-9d0b-4087-9f73-dc164950bbd8
Atøm the Storm,2025,Greenfloor,2025-08-14,16:20,17:00,0,,,France,Reims,Person,,,,
Ajna,2025,Greenfloor,2025-08-14,17:20,18:00,0,,,France,Paris,Person,,,,
TH,2025,Greenfloor,2025-08-14,18:25,19:10,0,,,France,Bondy,Person,,,,3282ae38-928c-4c57-8e8e-26de565c2d31
JRK 19,2025,Greenfloor,2025-08-14,19:30,20:15,0,,,France,Paris,Person,,,,ec611d8a-d9f9-4211-ba2a-50d5a734ceed
La Mano 1.9,2025,Greenfloor,2025-08-14,20:35,21:20,0,,,France,Paris,Person,,,,c0da285a-81ad-41a2-8d04-d4a7e6cfb90c
Sammy Virji,2025,Greenfloor,2025-08-14,21:40,23:10,0,,,United Kingdom,Witney ,Person,,,,e23abc5f-478a-4594-ad18-b3805b3c5316
AK Sports,2025,Greenfloor,2025-08-14,23:20,00:50,0,,,United Kingdom,London,Person,,,,1f33306e-ddc2-4917-8e1e-68c2a5e349e9
Marion Di Napoli,2025,Greenfloor,2025-08-14,00:55,02:20,0,,,France,Perpignan,Person,,,,16966ee1-d327-46c0-a709-001d31b38a22
Tekass,2025,Greenfloor,2025-08-15,16:40,17:20,0,,,France,Reims,Person,,,,
Le Juiice,2025,Greenfloor,2025-08-15,17:40,18:20,0,,,France,Boissy-Saint-Léger,Person,,,,60a78cf7-1e2b-483a-aa58-e674ce1c29c0
Genezio,2025,Greenfloor,2025-08-15,18:40,19:25,0,,,France,Villeneuve-Saint-Georges,Person,,,,609a9087-2c79-4a1f-bf5b-9927f5173911
VEN1,2025,Greenfloor,2025-08-15,19:45,20:30,0,,,France,Nanterre,Person,,,,a65c7855-c9f4-41e7-baa8-781ad8cd3e48
Theodora,2025,Greenfloor,2025-08-15,21:00,21:45,0,,,Switzerland,Lucerne,Person,,,,3d519348-d1eb-4e8d-aab4-85ebe819bc46
Kybba,2025,Greenfloor,2025-08-15,22:00,23:00,0,,,Netherlands,Amsterdam,Person,,,,1ce21562-47bc-43fa-9a4f-cebc18a56adf
Ahadadream,2025,Greenfloor,2025-08-15,23:10,00:20,0,,,United Kingdom,London,Person,,,,320f7f92-eb43-45af-8241-2c7ac97ea4eb
sim0ne,2025,Greenfloor,2025-08-15,00:20,01:30,0,,,United Kingdom,London,Person,,,,5e4535ae-3e63-4730-992f-21c264b866e2
Belaria,2025,Greenfloor,2025-08-15,01:30,02:40,0,,B2B Dylan Dylan,France,Paris,Person,,,,63204fe2-b4b9-4f76-b953-33c683de294c
Dylan Dylan,2025,Greenfloor,2025-08-15,01:30,02:40,0,,B2B Belaria,France,Montpellier,Person,,,,b585214c-85e7-4418-a29e-79fc11efd281
ARDN,2025,Greenfloor,2025-08-16,17:00,17:40,0,,,France,Ardennes,Person,,,,a0c8d4d6-6782-4af2-b2f2-da6de252af3c
MEOTEW,2025,Greenfloor,2025-08-16,18:00,18:45,0,,,France,Reims,Band,,,,9239dc21-bb9b-43ce-ab76-96015d7d1752
Jeune Lion,2025,Greenfloor,2025-08-16,19:00,19:45,0,,,Ivory Coast,Abidjan,Person,,,,64eead65-6c4c-4b1c-9bc9-5192cff90361
Dina Ayada,2025,Greenfloor,2025-08-16,20:00,20:45,0,,,Belgium,Antwerp,Person,,,,2a59d105-1337-459a-be9c-1f860e6fa8a5
horsegiirL,2025,Greenfloor,2025-08-16,21:00,22:15,0,,,Germany,Berlin,Person,,,,de6a52b1-4f04-4c29-b471-345c06b93ac2
VTSS,2025,Greenfloor,2025-08-16,22:20,23:40,0,,,Poland,Warsaw,Person,,,,e64e570c-78b3-4483-a7db-aeb0929d87c4
Mairo,2025,Greenfloor,2025-08-16,00:00,00:45,0,,,Switzerland,Neuchâtel,Person,,,,c02f19ae-33b4-44c0-8cbf-d04d7c2ac5ee
B.B. Jacques,2025,Greenfloor,2025-08-16,01:10,01:55,0,,,France,Courbevoie,Person,,,,bf1af5a1-d5f6-4298-aa78-14cdb6829e13
NAEKO,2025,Greenfloor,2025-08-17,15:40,16:20,0,,,France,Unknown,Unknown,,,,f93c52af-4dbf-465c-9db8-16ff889333ca
candeur cyclone,2025,Greenfloor,2025-08-17,16:40,17:25,0,,,Belgium,Brussels,Band,,,,2cce1ad7-23c6-4d34-96ee-5a2e12b97b37
Oxmo Puccino,2025,Greenfloor,2025-08-17,18:10,19:00,0,,,France,Paris,Person,,,,faf5d956-ba11-4e01-9634-2f1c9ec92df5
Jyeuhair,2025,Greenfloor,2025-08-17,19:30,20:15,0,,,France,Guyane française,Person,,,,
Dalí,2025,Greenfloor,2025-08-17,20:40,21:30,0,,,France,Paris,Person,,,,635135db-cc18-4995-a5f6-001affac91c1
Myd,2025,Greenfloor,2025-08-17,22:00,23:00,0,,,France,Lille,Person,,,,c61f03df-e3e4-4466-ba08-508383696b83
Warietta,2025,Razorback,2025-08-14,17:10,17:50,0,,,France,Metz,Band,,,,c7884912-e637-4240-b137-fa9c1d8eab2b
SPRINTS,2025,Razorback,2025-08-14,18:30,19:20,0,,,Ireland,Dublin,Band,,,,256e0b36-88cb-453a-9ce4-7b73cb6b882f
Brigitte Calls Me Baby,2025,Razorback,2025-08-14,20:10,21:00,0,,,United States,Chicago,Band,,,,a118a83c-6205-4fec-921d-9f38d6b2c2cc
CMAT,2025,Razorback,2025-08-14,21:50,22:40,0,,,Ireland,Dublin,Person,,,,2ac533ad-f3ec-4083-a2d4-6f30393414b3
Panic Shack,2025,Razorback,2025-08-14,23:20,00:10,0,,,United Kingdom,Cardiff,Band,,,,f71cc410-3ac1-4068-b273-d5d09858feaf
Lambrini Girls,2025,Razorback,2025-08-14,00:40,01:30,0,,,United Kingdom,Brighton,Band,,,,4eeea7eb-7554-48cb-9e50-c26d434ed9ef
HRFTR,2025,Razorback,2025-08-15,16:50,17:30,0,,,France,Paris,Band,,,,dfebffb3-00f4-4124-9616-f823c9173020
Revnoir,2025,Razorback,2025-08-15,18:10,19:00,,,,France,Paris,Band,,,,553331a9-fcac-47c0-8299-62cbbca5b521
Karen Dió,2025,Razorback,2025-08-15,20:00,20:50,0,,,Brazil,Sao Paulo,Person,,,,1824309f-b00f-41af-a43d-fa11d4081b95
Upchuck,2025,Razorback,,,,1,Revnoir,,United States,Austin,Band,,,,e64417df-87c9-4f27-b6f5-ba93a8099310
LUCKY LOVE,2025,Razorback,2025-08-15,21:30,22:20,0,,,France,Roubaix,Person,,,,566f4071-4ea5-4ccd-a903-f9f6529896d4
Fat Dog,2025,Razorback,2025-08-15,23:10,00:00,0,,,United Kingdom,London,Band,,,,8b16f1e6-d960-432b-92d1-70fc3e61176d
Hellscape,2025,Razorback,2025-08-16,17:00,17:40,0,,,France,Ardennes,Band,,,,
House of Protection,2025,Razorback,,,,1,,,United States,Los Angeles,Band,,,,239ebba9-2670-45a6-b387-ba6becb2fa77
Resolve,2025,Razorback,2025-08-16,18:40,19:30,0,House of Protection,,France,Lyon,Band,,,,eb787615-da9d-4dd9-bc9f-feb3cb1092de
FFF,2025,Razorback,2025-08-16,18:40,19:30,0,,,France,Paris,Band,,,,
LANDMVRKS,2025,Razorback,2025-08-16,22:30,23:30,0,,,France,Marseille,Band,,,,8e9ed070-ed81-4c04-9d47-68cf571507cb
Leprous,2025,Razorback,2025-08-16,00:30,01:30,0,,,Norway,Notodden,Band,,,,a2e55cf5-ca3a-4c26-ba62-fc4a4f2bc603
Lonlax,2025,Razorback,2025-08-17,15:40,16:20,0,,,France,Strasbourg,Band,,,,cb6bcd5f-cb0d-4130-98e2-6828f8a25a26
Tramhaus,2025,Razorback,2025-08-17,16:50,17:40,0,,,Netherlands,Rotterdam,Band,,,,dace0d40-f90f-4b3b-99da-aa99be756920
KNEECAP,2025,Razorback,2025-08-17,18:30,19:20,0,,,Ireland,Belfast,Band,,,,6ac275dd-eb37-42cf-9a60-6b147320c7be
Wet Leg,2025,Razorback,2025-08-17,20:10,20:55,0,,,United Kingdom,Isle of Wight,Band,,,,90744b3e-363a-458e-8da1-e3e392a489c4
IDLES,2025,Razorback,2025-08-17,22:00,23:00,0,,,United Kingdom,Bristol,Band,,,,be465d4f-c28d-4ba1-94ab-ebaada7db8af
Adèle Castillon,2025,Zanzibar,2025-08-14,17:50,18:40,0,,,France,Paris,Person,,,,d87c77e3-3512-41ed-b241-6387d4a6ae4e
ELOI,2025,Zanzibar,2025-08-14,19:20,20:20,0,,,France,Paris,Person,,,,19e67c66-5a8a-413f-944e-3bff10bd5485
Bigflo et Oli,2025,Zanzibar,2025-08-14,21:00,22:30,0,,,France,Toulouse,Band,,,,
Jamie xx,2025,Zanzibar,2025-08-14,23:10,00:20,0,,,United Kingdom,London,Person,,,,d1515727-4a93-4c0d-88cb-d7a9fce01879
DJ Snake,2025,Zanzibar,2025-08-14,01:00,02:20,0,,,France,Clichy,Person,,,,31445b1e-96f3-4c7f-84ec-dd02e647e690
Suki Waterhouse,2025,Zanzibar,2025-08-15,17:30,18:20,0,,,United Kingdom,Hammersmith,Person,,,,8389ff77-a7a4-4ba4-bf1b-17ded47d41a1
Zaho de Sagazan,2025,Zanzibar,2025-08-15,19:00,20:00,0,,,France,Saint-Nazaire,Person,,,,87685458-1aef-49b7-945b-03a892d9c482
Sean Paul,2025,Zanzibar,2025-08-15,20:40,21:40,0,,,Jamaica,Kingston,Person,,,,c3da3346-2643-48a7-93cd-011f6834b3d7
SDM,2025,Zanzibar,2025-08-15,22:20,23:20,0,,,France,Meudon,Person,,,,ee5acbd5-d291-4fe1-a06a-88060b131b77
Booba,2025,Zanzibar,2025-08-15,00:00,01:10,0,,,France,Boulogne-Billancourt,Person,,,,785c0e9c-89f6-4bf4-8296-443a46632d62
The Linda Lindas,2025,Zanzibar,2025-08-16,17:50,18:40,0,,,Los Angeles,Los Angeles,Band,,,,ecd00b8b-f697-4d90-8641-6633af356747
MC★Solaar,2025,Zanzibar,2025-08-16,19:20,20:20,0,,,France,Paris,Person,,,,
Queens of the Stone Age,2025,Zanzibar,2025-08-16,21:10,22:30,0,,,United States,Palm Desert,Band,,,,7dc8f5bd-9d0b-4087-9f73-dc164950bbd8
Alan Walker,2025,Zanzibar,2025-08-16,23:20,00:30,0,,,Norway,Northampton,Person,,,,b0e4bc50-3062-4d31-afad-def6a6b7a8e9
Trym,2025,Zanzibar,2025-08-16,01:10,02:20,0,,,France,,Person,,,,101c6e44-1f68-41d7-bc70-b9ddba411e90
The Last Dinner Party,2025,Zanzibar,2025-08-17,17:40,18:30,0,,,London,London,Band,,,,2f0c90b1-84d5-47f1-ad75-ad8d30f53f70
Vampire Weekend,2025,Zanzibar,2025-08-17,19:10,20:10,0,,,United States,New York,Band,,,,af37c51c-0790-4a29-b995-456f98a6b8c9
Julien Doré,2025,Zanzibar,2025-08-17,20:55,22:10,0,,,France,Lunel,Person,,,,b4d31609-8343-46f8-ad6a-728c5860c53e
Will Smith,2025,Zanzibar,2025-08-17,23:00,00:20,0,,,United States,Philadelphia,Person,,,,5bae7081-64ef-4473-825a-38d310deb14c
Asher Selector,2025,Zion Club,2025-05-17,16:30,18:00,0,,,Switzerland,Geneva,Person,,,,
Matilda Dona,2025,Zion Club,2025-05-17,16:30,18:00,0,,,France,Bordeaux,Person,,,,
Kiraden,2025,Zion Club,2025-08-14,18:00,19:30,0,,,France,Dijon,Band,,,,
King Shiloh,2025,Zion Club,2025-08-14,19:30,22:00,0,,,Netherlands,Amsterdam,Band,,,,a425ec2d-f750-49cd-8a58-b868d5e0f39f
Black Omolo,2025,Zion Club,2025-08-14,19:30,22:00,0,,,Netherlands,,Person,,,,396191fb-b041-4e8b-8275-4fac7dd155f4
Zion Train,2025,Zion Club,2025-08-14,22:00,00:30,0,,,United Kingdom,London,Band,,,,3010655f-9ff2-4753-b4f7-803c4118f450
Cara,2025,Zion Club,2025-08-14,22:00,00:30,0,,,United Kingdom,London,Band,,,,793a6f50-78c8-4e72-9b4e-1eae57fe93e8
Asher Selector,2025,Zion Club,2025-08-14,00:30,02:30,0,,,Switzerland,Geneva,Person,,,,
Matilda Dona,2025,Zion Club,2025-08-14,00:30,02:30,0,,,France,Bordeaux,Person,,,,
Kiraden,2025,Zion Club,2025-08-15,16:30,18:30,0,,,France,Dijon,Band,,,,
Asher Selector,2025,Zion Club,2025-08-15,18:30,21:30,0,,,Switzerland,Geneva,Person,,,,
Matilda Dona,2025,Zion Club,2025-08-15,18:30,21:30,0,,,France,Bordeaux,Person,,,,
Aba Shanti-I,2025,Zion Club,2025-08-15,21:30,00:00,0,,,United Kingdom,London,Person,,,,04879249-2acb-418b-b9a4-9fe56f4daea5
Iration Steppas,2025,Zion Club,2025-08-15,00:00,02:30,0,,,United Kingdom,Leeds,Band,,,,74e173c0-5f8e-407f-82e0-ff148a2c65f6
In Jah Garden Covenant,2025,Zion Club,2025-08-16,16:30,18:30,0,,,,,,,,,
Asher Selector,2025,Zion Club,2025-08-16,18:30,20:00,0,,,Switzerland,Geneva,Person,,,,
Matilda Dona,2025,Zion Club,2025-08-16,18:30,20:00,0,,,France,Bordeaux,Person,,,,
Kiraden,2025,Zion Club,2025-08-16,20:00,21:30,0,,,France,Dijon,Band,,,,
EEK-A-MOUSE & IRIE ITES,2025,Zion Club,2025-08-16,21:30,00:00,0,,,Jamaica,Kingston,Band,,,,
Toroki,2025,Zion Club,2025-08-16,00:00,02:30,0,,,Germany,Munich,Person,,,,52f08068-c9e1-4e50-806e-27410430c758
Isayah,2025,Zion Club,2025-08-16,00:00,02:30,0,,,Germany,Munich,Person,,,,15d3646a-9d36-43a8-b357-9e4494fa456e
Asher Selector,2025,Zion Club,2025-08-17,15:30,16:30,0,,,Switzerland,Geneva,Person,,,,
Matilda Dona,2025,Zion Club,2025-08-17,15:30,16:30,0,,,France,Bordeaux,Person,,,,
Systematik,2025,Zion Club,2025-08-17,16:30,18:00,0,,,France,Verdun,Band,,,,5a383865-c93a-4305-bc66-36e21c4dfaed
Vixen Sound,2025,Zion Club,2025-08-17,18:00,20:30,0,,,United Kingdom,Glasgow,Person,,,,512d8441-f3fc-454e-8916-a7113f4adb72
Tom Spirals,2025,Zion Club,2025-08-17,18:00,20:30,0,,,United Kingdom,Glasgow,Person,,,,cb07f5c9-792e-4770-9578-8a8cebb49579
Kiraden,2025,Zion Club,2025-08-17,20:30,22:30,0,,,France,Dijon,Band,,,,
Asher Selector,2025,Zion Club,2025-08-17,22:30,00:30,0,,,Switzerland,Geneva,Person,,,,
Matilda Dona,2025,Zion Club,2025-08-17,22:30,00:30,0,,,France,Bordeaux,Person,,,,
Nick Cave & the Bad Seeds,2026,,,,,0,,,Australia,Melbourne,Band,,,,172e1f1a-504d-4488-b053-6344ba63e6d0
Deftones,2026,,,,,0,,,United States,Sacramento,Band,,,,7527f6c2-d762-4b88-b5e2-9244f1e34c46
Body Count ft. Ice-T,2026,,,,,0,,,United States,Los Angeles,Band,,,,
Turnstile,2026,,,,,0,,,United States,Baltimore,Band,,,,7b748dac-f5ce-45a7-9b95-c1d8b5b013ed
Underworld,2026,,,,,0,,,United Kingdom,Romford,Band,,,,ba2f4f3b-0293-4bc8-bb94-2f73b5207343
Feu! Chatterton,2026,,,,,0,,,France,Paris,Band,,,,b1eac47e-77b5-4f5c-ae33-442c07182278
Ultra Vomit,2026,,,,,0,,,France,Nantes,Band,,,,9b1f75d4-46b5-4fe2-8787-027faa1b4f60
Last Train,2026,,,,,0,,,France,Altenach,Band,,,,4f527225-898d-4789-9868-697bcfd3b60b
Rise of the Northstar,2026,,,,,0,,,France,Paris,Band,,,,13fc6434-1d2b-49f5-a1cb-b38358b5a15f
Cat Power,2026,,,,,0,,,United States,Atlanta,Person,,,,05755bf1-380c-487f-983f-d1a02401fa28
Sparks,2026,,,,,0,,,United States,Los Angeles,Band,,,,f319b57a-a494-40f6-a467-3d196d3484e6
Kygo,2026,,,,,0,,,Norway,Bergen,Person,,,,ba0e7638-0cd6-4ff4-8987-c3e224d22c23
GIMS,2026,,,,,0,,,France,Paris,Person,,,,b2fbd053-4380-412c-95d2-35c6da8f1011
Josman,2026,,,,,0,,,France,Vierzon,Person,,,,d6f204c1-ea79-4ad0-bac3-862faad14130
Disiz,2026,,,,,0,,,France,Amiens,Person,,,,daba3096-88f2-4322-9b00-10938b0220b8
Theodora,2026,,,,,0,,,Switzerland,Lucerne,Person,,,,3d519348-d1eb-4e8d-aab4-85ebe819bc46
Charlotte Cardin,2026,,,,,0,,,Canada,Montréal,Person,,,,62a6ba5d-6e8a-406d-a768-44a433ff1f7f
Brutalismus 3000,2026,,,,,0,,,Germany,Berlin,Band,,,,b4cd749e-adce-4cb5-8a73-cdd0c7e4b9cc
miki,2026,,,,,0,,,Luxembourg,Luxembourg City,Person,,,,c582bb96-3c61-4500-885b-bd8cb55acae6
Faye Webster,2026,,,,,0,,,United States,Atlanta,Person,,,,ce4a1c08-6912-423f-bf6c-97ce69f5e89f
La Rvfleuze,2026,,,,,0,,,France,Paris,Person,,,,cb96c37d-cb64-48d2-9b67-56a0eafb1e45
Noga Erez,2026,,,,,0,,,Israel,Tel Aviv,Person,,,,06479724-ee7d-471e-a3d4-4554330a0293
PERCEVAL,2026,,,,,0,,,France,Rennes,Person,,,,f69dd091-10fd-4b5f-9d52-d469108e2227
LEISURE,2026,,,,,0,,,New Zealand,Auckland,Band,,,,f67d22da-7fe8-40f8-8495-b903e74fd094
Ofenbach,2026,,,,,0,,,France,Paris,Band,,,,1d81a1be-1b66-427d-9335-c777a259eadb
Basement,2026,,,,,0,,,United Kingdom,Ipswich,Band,,,,a8c7ff7a-ebc0-42c7-8828-475decf0ccdd
SPEED,2026,,,,,0,,,Australia,Melbourne,Band,,,,dee1f6b1-4459-49c5-aef3-0f98d15c122f
Delilah Bon,2026,,,,,0,,,United Kingdom,Nottingham,Person,,,,c38f076f-ad03-4b7e-bf5c-ac82d0dda536
THÉA,2026,,,,,0,,,France,Paris,Person,,,,07877c85-cfcb-489d-9c40-d7b89c8d81d5
Aibohphobia,2026,,,,,0,,,France,Nancy,Band,,,,
Goya,2026,,,,,0,,,France,Nancy,Band,,,,54d16451-de68-4b8f-a342-98be434aadb0
Fumi,2026,,,,,0,,Teletech,Germany,Berlin,Band,,,,e03c2289-1de5-4b3e-94b5-47a9d6e10dab
Interplanetary Criminal,2026,,,,,0,,Teletech,United Kingdom,Manchester,Person,,,,02ebebd7-120e-4341-ac89-90e666d49c9e
"LB aka Labat ",2026,,,,,0,,Teletech - B2B Partiboi69,,,,,,,
Partiboi69,2026,,,,,0,,Teletech - B2B LB aka Labat,Australia,Melbourne,Person,,,,1e111118-d891-4f96-965d-90bf9018a7d1
X CLUB.,2026,,,,,0,,Teletech,Australia,Brisbane,Band,,,,738591af-4345-4146-bdd7-29f716ad31d9
Sébastien Tellier,2026,,,,,0,,,France,Suresnes,Person,,,,ac69016f-42cc-4322-b70e-101458b769aa
Gringe,2026,,,,,0,,,France,Poitiers,Person,,,,008b4779-f6e1-4e17-9c1a-0806b4d0986b
Pale Jay,2026,,,,,0,,,United States,California,Person,,,,dad5fe72-3eda-4cb6-8b04-09b4f8fdeaae
Yerai Cortés,2026,,,,,0,,,Spain,Alicante,Person,,,,9c9a7d26-8598-481e-a3aa-a51c6be8f0ac
Nooriyah,2026,,,,,0,,,London,London,Person,,,,790b90fc-0532-4b4f-8dc8-04917ad0349f
Isha & Limsa D'Aulnay,2026,,,,,0,,,France,Paris,Band,,,,
Timar,2026,,,,,0,,,France,Paris,Person,,,,77e39bf6-c28b-46e8-980c-bd6fe5c7d0f7
ZEP,2026,,,,,0,,,Netherlands,Amsterdam,Person,,,,a9b4d71e-b71a-4b92-a0f3-b8dd299d7c9c
2L,2026,,,,,0,,,France,Paris,Person,,,,76e3d888-f368-4414-bb9c-c1a797922ca3
Lou Nour,2026,,,,,0,,,United Kingdom,London,Person,,,,f28804f4-8a82-4e56-8edb-95307511ffe7
Ampèr,2026,,,,,0,,,,,,,,,
ADÉLA,2026,,,,,0,,,Slovakia,Bratislava,Person,,,,f40856e6-079f-4a0a-916e-9e6a5e04f646
Marcel Dettmann,2026,,,,,0,,,Germany,Berlin,Person,,,,6d7238a1-f0bc-4408-93fc-8ec64c06f7af
Marguerite,2026,,,,,0,,,France,Paris,Person,,,,7bfe2169-299a-4523-ab25-2446f5b085f8
Huntrill,2026,,,,,0,,,France,Fleury-Mérogis,Person,,,,0eedac7c-83e7-4f12-acd2-3b73c5b754c0
Jeune Morty,2026,,,,,0,,,France,Choisy-le-Roi,Person,,,,9b82187d-a7e9-4aab-956d-b1ec935844d2
LESSSS,2026,,,,,0,,,France,Dijon,Person,,,,001d4b43-82b8-4548-9572-eebf71c32f3e
Linlin,2026,,,,,0,,,France,Paris,Person,,,,c1bed259-e4f7-4741-bb84-f7e9de3b5041
Kimberlaid,2026,,,,,0,,,France,Paris,Person,,,,0e47941b-ae23-4903-8298-1234881be91e
Navyblu,2026,,,,,0,,,France,Reims,Person,,,,
Heb,2026,,,,,0,,,France,Reims,Person,,,,
Louise XIV,2026,,,,,0,,,France,Strasbourg,Band,,,,
Eve La Marka,2026,,,,,0,,,France,Paris,Person,,,,111e4491-7189-4723-8a52-bbc2a18eb4a0
Todiefor,2026,,,,,0,,,Belgium,Brussels,Person,,,,7c8e4f6b-0c29-4427-aa19-d7795fa13a52
Girls Don't Sync,2026,,,,,0,,,United Kingdom,Liverpool,Band,,,,7db74382-cfc3-4f1b-9e1f-f07257c23644
DAKEEZ,2026,,,,,0,,,France,Lyon,Person,,,,4cc56673-0e75-419d-b29c-56974c5c8986
Urumi,2026,,,,,0,,,France,Paris,Person,,,,b099f5b7-395c-40c4-a1aa-58e26af6cc14
Damaghead,2026,,,,,0,,,France,Strasbourg,Band,,,,
Thomas Schmahl,2026,,,,,0,,,France,Reims,Person,,,,5f98654c-ba28-4d85-adc0-35cafa42330d
Jeri,2026,,,,,0,,,France,Sedan,Person,,,,fe60881f-cfce-4f00-86d6-5ae6dd6f7401
